case_id,image_name,split
BUSI_001,benign (218).png,train
BUSI_002,benign (58).png,train
BUSI_003,benign (179).png,train
BUSI_004,benign (410).png,train
BUSI_005,benign (16).png,train
BUSI_006,benign (358).png,train
BUSI_007,malignant (125).png,train
BUSI_008,malignant (207).png,train
BUSI_009,malignant (154).png,train
BUSI_010,benign (59).png,train
BUSI_011,benign (354).png,train
BUSI_012,benign (380).png,train
BUSI_013,benign (325).png,train
BUSI_014,benign (326).png,train
BUSI_015,malignant (37).png,train
BUSI_016,malignant (19).png,train
BUSI_017,benign (133).png,train
BUSI_018,benign (188).png,train
BUSI_019,benign (54).png,train
BUSI_020,malignant (51).png,train
BUSI_021,benign (40).png,train
BUSI_022,benign (227).png,train
BUSI_023,benign (234).png,train
BUSI_024,benign (12).png,train
BUSI_025,benign (317).png,train
BUSI_026,benign (416).png,train
BUSI_027,malignant (101).png,train
BUSI_028,benign (4).png,train
BUSI_029,malignant (177).png,train
BUSI_030,benign (305).png,train
BUSI_031,benign (367).png,train
BUSI_032,benign (13).png,train
BUSI_033,benign (373).png,train
BUSI_034,benign (341).png,train
BUSI_035,benign (386).png,train
BUSI_036,benign (391).png,train
BUSI_037,benign (163).png,train
BUSI_038,malignant (18).png,train
BUSI_039,malignant (142).png,train
BUSI_040,benign (352).png,train
BUSI_041,benign (421).png,train
BUSI_042,benign (296).png,train
BUSI_043,malignant (170).png,train
BUSI_044,malignant (169).png,train
BUSI_045,benign (181).png,train
BUSI_046,benign (332).png,train
BUSI_047,malignant (42).png,train
BUSI_048,malignant (200).png,train
BUSI_049,malignant (65).png,train
BUSI_050,benign (431).png,train
BUSI_051,benign (229).png,train
BUSI_052,benign (370).png,train
BUSI_053,benign (357).png,train
BUSI_054,benign (170).png,train
BUSI_055,benign (300).png,train
BUSI_056,benign (192).png,train
BUSI_057,benign (270).png,train
BUSI_058,benign (329).png,train
BUSI_059,benign (123).png,train
BUSI_060,benign (195).png,train
BUSI_061,benign (382).png,train
BUSI_062,benign (90).png,train
BUSI_063,benign (394).png,train
BUSI_064,benign (360).png,train
BUSI_065,benign (46).png,train
BUSI_066,malignant (29).png,train
BUSI_067,benign (316).png,train
BUSI_068,benign (297).png,train
BUSI_069,malignant (35).png,train
BUSI_070,benign (148).png,train
BUSI_071,benign (315).png,train
BUSI_072,malignant (114).png,train
BUSI_073,malignant (193).png,train
BUSI_074,benign (202).png,train
BUSI_075,benign (260).png,train
BUSI_076,malignant (205).png,train
BUSI_077,benign (104).png,train
BUSI_078,benign (143).png,train
BUSI_079,benign (106).png,train
BUSI_080,benign (34).png,train
BUSI_081,malignant (20).png,train
BUSI_082,malignant (183).png,train
BUSI_083,malignant (105).png,train
BUSI_084,benign (88).png,train
BUSI_085,benign (134).png,train
BUSI_086,malignant (5).png,train
BUSI_087,benign (437).png,train
BUSI_088,benign (221).png,train
BUSI_089,benign (361).png,train
BUSI_090,benign (397).png,train
BUSI_091,benign (267).png,train
BUSI_092,benign (389).png,train
BUSI_093,benign (132).png,train
BUSI_094,benign (154).png,train
BUSI_095,benign (309).png,train
BUSI_096,benign (21).png,train
BUSI_097,benign (120).png,train
BUSI_098,benign (121).png,train
BUSI_099,benign (208).png,train
BUSI_100,benign (26).png,train
BUSI_101,benign (276).png,train
BUSI_102,malignant (53).png,train
BUSI_103,benign (49).png,train
BUSI_104,malignant (49).png,train
BUSI_105,malignant (139).png,train
BUSI_106,benign (418).png,train
BUSI_107,benign (162).png,train
BUSI_108,malignant (50).png,train
BUSI_109,benign (42).png,train
BUSI_110,benign (83).png,train
BUSI_111,benign (291).png,train
BUSI_112,malignant (70).png,train
BUSI_113,benign (429).png,train
BUSI_114,benign (190).png,train
BUSI_115,benign (53).png,train
BUSI_116,benign (322).png,train
BUSI_117,malignant (158).png,train
BUSI_118,benign (250).png,train
BUSI_119,benign (216).png,train
BUSI_120,benign (176).png,train
BUSI_121,benign (77).png,train
BUSI_122,benign (301).png,train
BUSI_123,benign (93).png,train
BUSI_124,benign (39).png,train
BUSI_125,benign (396).png,train
BUSI_126,benign (293).png,train
BUSI_127,benign (376).png,train
BUSI_128,benign (406).png,train
BUSI_129,malignant (84).png,train
BUSI_130,benign (174).png,train
BUSI_131,benign (279).png,train
BUSI_132,benign (198).png,train
BUSI_133,benign (307).png,train
BUSI_134,benign (111).png,train
BUSI_135,malignant (171).png,train
BUSI_136,malignant (74).png,train
BUSI_137,benign (48).png,train
BUSI_138,malignant (15).png,train
BUSI_139,malignant (195).png,train
BUSI_140,benign (289).png,train
BUSI_141,malignant (161).png,train
BUSI_142,malignant (83).png,train
BUSI_143,malignant (189).png,train
BUSI_144,malignant (91).png,train
BUSI_145,malignant (94).png,train
BUSI_146,benign (118).png,train
BUSI_147,benign (310).png,train
BUSI_148,benign (159).png,train
BUSI_149,malignant (192).png,train
BUSI_150,malignant (16).png,train
BUSI_151,benign (150).png,train
BUSI_152,malignant (119).png,train
BUSI_153,malignant (191).png,train
BUSI_154,malignant (79).png,train
BUSI_155,malignant (77).png,train
BUSI_156,benign (424).png,train
BUSI_157,benign (136).png,train
BUSI_158,malignant (86).png,train
BUSI_159,benign (212).png,train
BUSI_160,benign (224).png,train
BUSI_161,malignant (81).png,train
BUSI_162,benign (292).png,train
BUSI_163,benign (82).png,train
BUSI_164,malignant (199).png,train
BUSI_165,benign (228).png,train
BUSI_166,benign (140).png,train
BUSI_167,benign (384).png,train
BUSI_168,benign (252).png,train
BUSI_169,malignant (26).png,train
BUSI_170,benign (320).png,train
BUSI_171,benign (73).png,train
BUSI_172,benign (25).png,train
BUSI_173,benign (52).png,train
BUSI_174,benign (158).png,train
BUSI_175,benign (206).png,train
BUSI_176,malignant (178).png,train
BUSI_177,benign (342).png,train
BUSI_178,benign (193).png,train
BUSI_179,benign (372).png,train
BUSI_180,benign (366).png,train
BUSI_181,benign (419).png,train
BUSI_182,benign (101).png,train
BUSI_183,benign (256).png,train
BUSI_184,benign (114).png,train
BUSI_185,benign (226).png,train
BUSI_186,malignant (127).png,train
BUSI_187,benign (3).png,train
BUSI_188,benign (231).png,train
BUSI_189,malignant (78).png,train
BUSI_190,benign (11).png,train
BUSI_191,benign (371).png,train
BUSI_192,benign (247).png,train
BUSI_193,benign (17).png,train
BUSI_194,malignant (43).png,train
BUSI_195,malignant (151).png,train
BUSI_196,malignant (187).png,train
BUSI_197,malignant (185).png,train
BUSI_198,benign (109).png,train
BUSI_199,benign (172).png,train
BUSI_200,malignant (90).png,train
BUSI_201,malignant (67).png,train
BUSI_202,malignant (21).png,train
BUSI_203,benign (393).png,train
BUSI_204,benign (9).png,train
BUSI_205,malignant (176).png,train
BUSI_206,malignant (141).png,train
BUSI_207,benign (242).png,train
BUSI_208,malignant (38).png,train
BUSI_209,benign (112).png,train
BUSI_210,benign (87).png,train
BUSI_211,benign (201).png,train
BUSI_212,benign (423).png,train
BUSI_213,benign (412).png,train
BUSI_214,benign (70).png,train
BUSI_215,benign (78).png,train
BUSI_216,benign (183).png,train
BUSI_217,malignant (144).png,train
BUSI_218,benign (368).png,train
BUSI_219,benign (113).png,train
BUSI_220,benign (8).png,train
BUSI_221,benign (390).png,train
BUSI_222,benign (92).png,train
BUSI_223,benign (207).png,train
BUSI_224,malignant (113).png,train
BUSI_225,benign (359).png,train
BUSI_226,malignant (92).png,train
BUSI_227,malignant (147).png,train
BUSI_228,benign (278).png,train
BUSI_229,malignant (162).png,train
BUSI_230,benign (262).png,train
BUSI_231,malignant (63).png,train
BUSI_232,malignant (34).png,train
BUSI_233,benign (27).png,train
BUSI_234,benign (271).png,train
BUSI_235,benign (236).png,train
BUSI_236,malignant (103).png,train
BUSI_237,benign (50).png,train
BUSI_238,benign (274).png,train
BUSI_239,benign (36).png,train
BUSI_240,malignant (159).png,train
BUSI_241,benign (353).png,train
BUSI_242,malignant (194).png,train
BUSI_243,benign (313).png,train
BUSI_244,benign (378).png,train
BUSI_245,benign (6).png,train
BUSI_246,benign (80).png,train
BUSI_247,benign (182).png,train
BUSI_248,malignant (27).png,train
BUSI_249,benign (306).png,train
BUSI_250,malignant (168).png,train
BUSI_251,benign (127).png,train
BUSI_252,malignant (88).png,train
BUSI_253,malignant (134).png,train
BUSI_254,benign (211).png,train
BUSI_255,malignant (72).png,train
BUSI_256,malignant (102).png,train
BUSI_257,malignant (14).png,train
BUSI_258,benign (184).png,train
BUSI_259,malignant (209).png,train
BUSI_260,benign (149).png,train
BUSI_261,benign (124).png,train
BUSI_262,malignant (31).png,train
BUSI_263,benign (308).png,train
BUSI_264,malignant (180).png,train
BUSI_265,benign (323).png,train
BUSI_266,benign (351).png,train
BUSI_267,benign (246).png,train
BUSI_268,benign (282).png,train
BUSI_269,malignant (155).png,train
BUSI_270,malignant (2).png,train
BUSI_271,benign (91).png,train
BUSI_272,benign (327).png,train
BUSI_273,benign (345).png,train
BUSI_274,benign (430).png,train
BUSI_275,benign (337).png,train
BUSI_276,benign (314).png,train
BUSI_277,benign (79).png,train
BUSI_278,malignant (60).png,train
BUSI_279,benign (62).png,train
BUSI_280,benign (257).png,train
BUSI_281,benign (31).png,train
BUSI_282,malignant (132).png,train
BUSI_283,benign (146).png,train
BUSI_284,malignant (136).png,train
BUSI_285,benign (404).png,train
BUSI_286,benign (331).png,train
BUSI_287,benign (222).png,train
BUSI_288,benign (347).png,train
BUSI_289,benign (348).png,train
BUSI_290,benign (119).png,train
BUSI_291,benign (210).png,train
BUSI_292,malignant (129).png,train
BUSI_293,malignant (22).png,train
BUSI_294,benign (383).png,train
BUSI_295,malignant (48).png,train
BUSI_296,benign (69).png,train
BUSI_297,malignant (10).png,train
BUSI_298,benign (197).png,train
BUSI_299,benign (18).png,train
BUSI_300,malignant (107).png,train
BUSI_301,benign (295).png,train
BUSI_302,malignant (66).png,train
BUSI_303,benign (126).png,train
BUSI_304,benign (268).png,train
BUSI_305,benign (10).png,train
BUSI_306,benign (131).png,train
BUSI_307,malignant (32).png,train
BUSI_308,benign (167).png,train
BUSI_309,benign (225).png,train
BUSI_310,benign (102).png,train
BUSI_311,benign (338).png,train
BUSI_312,benign (414).png,train
BUSI_313,benign (2).png,train
BUSI_314,benign (426).png,train
BUSI_315,benign (258).png,train
BUSI_316,benign (205).png,train
BUSI_317,benign (403).png,train
BUSI_318,malignant (108).png,train
BUSI_319,benign (254).png,train
BUSI_320,benign (422).png,train
BUSI_321,benign (272).png,train
BUSI_322,malignant (173).png,train
BUSI_323,malignant (87).png,train
BUSI_324,malignant (123).png,train
BUSI_325,malignant (135).png,train
BUSI_326,malignant (6).png,train
BUSI_327,malignant (23).png,train
BUSI_328,benign (19).png,train
BUSI_329,benign (433).png,train
BUSI_330,malignant (156).png,train
BUSI_331,malignant (69).png,train
BUSI_332,benign (288).png,train
BUSI_333,benign (255).png,train
BUSI_334,benign (96).png,train
BUSI_335,benign (135).png,train
BUSI_336,benign (155).png,train
BUSI_337,malignant (121).png,train
BUSI_338,malignant (208).png,train
BUSI_339,benign (298).png,train
BUSI_340,malignant (174).png,train
BUSI_341,malignant (115).png,train
BUSI_342,malignant (39).png,train
BUSI_343,benign (349).png,train
BUSI_344,malignant (111).png,train
BUSI_345,benign (74).png,train
BUSI_346,malignant (206).png,train
BUSI_347,benign (84).png,train
BUSI_348,benign (209).png,train
BUSI_349,benign (388).png,train
BUSI_350,malignant (4).png,train
BUSI_351,malignant (197).png,train
BUSI_352,benign (356).png,train
BUSI_353,benign (233).png,train
BUSI_354,malignant (112).png,train
BUSI_355,malignant (82).png,train
BUSI_356,malignant (160).png,train
BUSI_357,malignant (143).png,train
BUSI_358,benign (304).png,train
BUSI_359,benign (41).png,train
BUSI_360,malignant (186).png,train
BUSI_361,benign (103).png,train
BUSI_362,benign (147).png,train
BUSI_363,benign (85).png,train
BUSI_364,benign (377).png,train
BUSI_365,malignant (126).png,train
BUSI_366,benign (97).png,train
BUSI_367,benign (350).png,train
BUSI_368,benign (130).png,train
BUSI_369,benign (47).png,train
BUSI_370,malignant (17).png,train
BUSI_371,benign (312).png,train
BUSI_372,benign (57).png,train
BUSI_373,benign (425).png,train
BUSI_374,benign (281).png,train
BUSI_375,malignant (40).png,train
BUSI_376,benign (204).png,train
BUSI_377,benign (343).png,train
BUSI_378,malignant (146).png,train
BUSI_379,benign (168).png,train
BUSI_380,benign (166).png,train
BUSI_381,benign (152).png,train
BUSI_382,benign (185).png,train
BUSI_383,malignant (95).png,train
BUSI_384,malignant (80).png,train
BUSI_385,malignant (98).png,train
BUSI_386,benign (43).png,train
BUSI_387,malignant (99).png,train
BUSI_388,malignant (104).png,train
BUSI_389,malignant (57).png,train
BUSI_390,malignant (100).png,train
BUSI_391,benign (333).png,train
BUSI_392,benign (275).png,train
BUSI_393,benign (330).png,train
BUSI_394,benign (194).png,train
BUSI_395,benign (302).png,train
BUSI_396,malignant (167).png,train
BUSI_397,malignant (41).png,train
BUSI_398,malignant (196).png,train
BUSI_399,benign (261).png,train
BUSI_400,benign (177).png,train
BUSI_401,malignant (164).png,train
BUSI_402,malignant (76).png,train
BUSI_403,benign (165).png,train
BUSI_404,benign (63).png,train
BUSI_405,benign (355).png,train
BUSI_406,malignant (75).png,train
BUSI_407,benign (107).png,train
BUSI_408,benign (401).png,train
BUSI_409,malignant (109).png,train
BUSI_410,benign (286).png,train
BUSI_411,benign (138).png,train
BUSI_412,malignant (61).png,train
BUSI_413,benign (232).png,train
BUSI_414,benign (20).png,train
BUSI_415,benign (178).png,train
BUSI_416,benign (375).png,train
BUSI_417,benign (145).png,train
BUSI_418,malignant (11).png,train
BUSI_419,benign (299).png,train
BUSI_420,malignant (124).png,train
BUSI_421,benign (340).png,train
BUSI_422,benign (214).png,train
BUSI_423,benign (248).png,train
BUSI_424,benign (94).png,train
BUSI_425,malignant (118).png,train
BUSI_426,benign (339).png,train
BUSI_427,benign (86).png,train
BUSI_428,malignant (71).png,train
BUSI_429,benign (128).png,train
BUSI_430,malignant (130).png,train
BUSI_431,malignant (163).png,train
BUSI_432,benign (38).png,train
BUSI_433,benign (105).png,train
BUSI_434,benign (137).png,train
BUSI_435,benign (311).png,train
BUSI_436,malignant (179).png,train
BUSI_437,benign (89).png,train
BUSI_438,benign (244).png,train
BUSI_439,benign (283).png,train
BUSI_440,benign (189).png,train
BUSI_441,benign (115).png,train
BUSI_442,benign (161).png,train
BUSI_443,benign (363).png,train
BUSI_444,malignant (13).png,train
BUSI_445,malignant (96).png,train
BUSI_446,malignant (3).png,train
BUSI_447,benign (5).png,train
BUSI_448,benign (75).png,train
BUSI_449,benign (321).png,train
BUSI_450,malignant (153).png,train
BUSI_451,benign (407).png,train
BUSI_452,malignant (106).png,train
BUSI_453,benign (251).png,train
BUSI_454,malignant (58).png,train
BUSI_455,benign (318).png,train
BUSI_456,benign (68).png,train
BUSI_457,malignant (137).png,train
BUSI_458,malignant (117).png,train
BUSI_459,benign (392).png,train
BUSI_460,benign (408).png,train
BUSI_461,benign (65).png,train
BUSI_462,malignant (204).png,train
BUSI_463,benign (379).png,train
BUSI_464,malignant (116).png,train
BUSI_465,benign (81).png,train
BUSI_466,benign (237).png,train
BUSI_467,benign (200).png,train
BUSI_468,malignant (201).png,train
BUSI_469,benign (142).png,train
BUSI_470,benign (269).png,train
BUSI_471,benign (405).png,train
BUSI_472,benign (56).png,train
BUSI_473,malignant (182).png,train
BUSI_474,benign (374).png,train
BUSI_475,benign (100).png,train
BUSI_476,benign (186).png,train
BUSI_477,malignant (9).png,train
BUSI_478,malignant (166).png,train
BUSI_479,malignant (73).png,train
BUSI_480,malignant (110).png,train
BUSI_481,benign (71).png,train
BUSI_482,malignant (12).png,train
BUSI_483,malignant (25).png,train
BUSI_484,benign (32).png,train
BUSI_485,malignant (122).png,train
BUSI_486,malignant (47).png,train
BUSI_487,benign (61).png,train
BUSI_488,malignant (184).png,train
BUSI_489,malignant (85).png,train
BUSI_490,benign (29).png,train
BUSI_491,benign (117).png,train
BUSI_492,benign (175).png,train
BUSI_493,malignant (68).png,train
BUSI_494,benign (1).png,train
BUSI_495,benign (98).png,train
BUSI_496,benign (151).png,train
BUSI_497,benign (164).png,train
BUSI_498,benign (116).png,train
BUSI_499,malignant (175).png,train
BUSI_500,benign (66).png,train
BUSI_501,benign (223).png,train
BUSI_502,benign (415).png,train
BUSI_503,benign (280).png,train
BUSI_504,benign (203).png,train
BUSI_505,benign (249).png,train
BUSI_506,malignant (149).png,train
BUSI_507,benign (266).png,train
BUSI_508,benign (60).png,train
BUSI_509,malignant (97).png,train
BUSI_510,benign (263).png,train
BUSI_511,malignant (198).png,train
BUSI_512,benign (230).png,train
BUSI_513,benign (95).png,train
BUSI_514,benign (287).png,train
BUSI_515,benign (328).png,train
BUSI_516,benign (413).png,train
BUSI_517,benign (51).png,train
BUSI_518,malignant (30).png,test
BUSI_519,benign (110).png,test
BUSI_520,benign (245).png,test
BUSI_521,benign (22).png,test
BUSI_522,benign (399).png,test
BUSI_523,malignant (133).png,test
BUSI_524,benign (219).png,test
BUSI_525,benign (427).png,test
BUSI_526,benign (381).png,test
BUSI_527,benign (55).png,test
BUSI_528,malignant (1).png,test
BUSI_529,benign (362).png,test
BUSI_530,benign (15).png,test
BUSI_531,benign (14).png,test
BUSI_532,malignant (62).png,test
BUSI_533,benign (435).png,test
BUSI_534,benign (191).png,test
BUSI_535,malignant (145).png,test
BUSI_536,benign (335).png,test
BUSI_537,benign (259).png,test
BUSI_538,benign (45).png,test
BUSI_539,benign (344).png,test
BUSI_540,benign (199).png,test
BUSI_541,benign (240).png,test
BUSI_542,malignant (140).png,test
BUSI_543,benign (385).png,test
BUSI_544,benign (125).png,test
BUSI_545,benign (72).png,test
BUSI_546,malignant (56).png,test
BUSI_547,benign (196).png,test
BUSI_548,malignant (120).png,test
BUSI_549,benign (346).png,test
BUSI_550,benign (139).png,test
BUSI_551,malignant (59).png,test
BUSI_552,malignant (8).png,test
BUSI_553,benign (319).png,test
BUSI_554,benign (303).png,test
BUSI_555,benign (434).png,test
BUSI_556,benign (28).png,test
BUSI_557,benign (294).png,test
BUSI_558,benign (122).png,test
BUSI_559,benign (129).png,test
BUSI_560,malignant (181).png,test
BUSI_561,benign (171).png,test
BUSI_562,malignant (89).png,test
BUSI_563,benign (395).png,test
BUSI_564,malignant (44).png,test
BUSI_565,benign (264).png,test
BUSI_566,benign (33).png,test
BUSI_567,benign (44).png,test
BUSI_568,malignant (138).png,test
BUSI_569,benign (180).png,test
BUSI_570,malignant (54).png,test
BUSI_571,malignant (203).png,test
BUSI_572,benign (239).png,test
BUSI_573,benign (23).png,test
BUSI_574,benign (398).png,test
BUSI_575,benign (277).png,test
BUSI_576,benign (235).png,test
BUSI_577,benign (334).png,test
BUSI_578,benign (217).png,test
BUSI_579,malignant (52).png,test
BUSI_580,benign (365).png,test
BUSI_581,benign (409).png,test
BUSI_582,benign (273).png,test
BUSI_583,benign (153).png,test
BUSI_584,benign (400).png,test
BUSI_585,malignant (33).png,test
BUSI_586,benign (369).png,test
BUSI_587,malignant (24).png,test
BUSI_588,benign (160).png,test
BUSI_589,benign (35).png,test
BUSI_590,benign (187).png,test
BUSI_591,malignant (172).png,test
BUSI_592,benign (284).png,test
BUSI_593,benign (37).png,test
BUSI_594,benign (241).png,test
BUSI_595,benign (324).png,test
BUSI_596,benign (7).png,test
BUSI_597,malignant (36).png,test
BUSI_598,benign (169).png,test
BUSI_599,malignant (64).png,test
BUSI_600,benign (215).png,test
BUSI_601,malignant (7).png,test
BUSI_602,benign (157).png,test
BUSI_603,benign (336).png,test
BUSI_604,benign (428).png,test
BUSI_605,benign (417).png,test
BUSI_606,benign (436).png,test
BUSI_607,malignant (93).png,test
BUSI_608,benign (141).png,test
BUSI_609,benign (420).png,test
BUSI_610,benign (243).png,test
BUSI_611,benign (265).png,test
BUSI_612,malignant (55).png,test
BUSI_613,benign (64).png,test
BUSI_614,malignant (45).png,test
BUSI_615,malignant (128).png,test
BUSI_616,benign (387).png,test
BUSI_617,benign (99).png,test
BUSI_618,malignant (28).png,test
BUSI_619,benign (24).png,test
BUSI_620,benign (30).png,test
BUSI_621,benign (411).png,test
BUSI_622,benign (402).png,test
BUSI_623,benign (364).png,test
BUSI_624,malignant (210).png,test
BUSI_625,benign (144).png,test
BUSI_626,malignant (157).png,test
BUSI_627,benign (213).png,test
BUSI_628,benign (290).png,test
BUSI_629,malignant (188).png,test
BUSI_630,benign (253).png,test
BUSI_631,malignant (152).png,test
BUSI_632,malignant (190).png,test
BUSI_633,benign (285).png,test
BUSI_634,benign (108).png,test
BUSI_635,benign (173).png,test
BUSI_636,benign (432).png,test
BUSI_637,malignant (150).png,test
BUSI_638,benign (238).png,test
BUSI_639,malignant (202).png,test
BUSI_640,malignant (46).png,test
BUSI_641,benign (67).png,test
BUSI_642,benign (156).png,test
BUSI_643,malignant (148).png,test
BUSI_644,benign (220).png,test
BUSI_645,malignant (165).png,test
BUSI_646,benign (76).png,test
BUSI_647,malignant (131).png,test
