model,image_name,dice,iou,hd95,precision,recall,area_ratio,empty,missed,under,over,boundary
unet,malignant (30).png,0.9005071950931823,0.8190205439038781,27.785787457400406,0.9362458802789914,0.8673966455058015,0.9264624430147842,False,False,False,False,True
unet,benign (110).png,0.9539088161870976,0.9118792232912156,134.02272385596524,0.9456833220444953,0.9622786554978263,1.0175485102322128,False,False,False,False,True
unet,benign (245).png,0.890289817003765,0.8022723686286887,172.71388305368805,0.8808038808038808,0.8999822977518145,1.021773765268189,False,False,False,False,True
unet,benign (22).png,0.9331504970860474,0.8746786632390745,17.91640786499874,0.8764247536866507,0.997727439337292,1.1384062751997654,False,False,False,False,False
unet,benign (399).png,0.944900614080488,0.895556026939598,12.36931687685298,0.9563112294014383,0.9337590887727738,0.976417572088137,False,False,False,False,False
unet,malignant (133).png,0.8289742961407784,0.7079044408750538,66.27139455598173,0.986506722993742,0.7148258138206739,0.7246030839520274,False,False,False,False,True
unet,benign (219).png,0.5115647626709574,0.3436929937166407,109.8076426551278,0.3694531193260222,0.8313449910116032,2.250204281745383,False,False,False,True,False
unet,benign (427).png,0.458545069159488,0.2974754953811437,124.98894243182065,0.2975384398363662,0.9992893521260215,3.358521852422125,False,False,False,True,False
unet,benign (381).png,0.9407381605052324,0.8881072888965142,207.35085148449184,0.9045580311635357,0.979933110367893,1.083328074714457,False,False,False,False,True
unet,benign (55).png,0.9402695294655092,0.8872723353809677,7.810249675906654,0.9611253794069577,0.9202995752291527,0.9575229152693941,False,False,False,False,False
unet,malignant (1).png,0.8790896329978045,0.7842639865566365,43.83719850398283,0.9678497364840768,0.8052420462662784,0.8319907687235563,False,False,False,False,True
unet,benign (362).png,0.9028932490854672,0.8229766595938163,10.290750585296928,0.9988962472406181,0.8237257281553398,0.8246359223300971,False,False,False,False,False
unet,benign (15).png,0.9032258064516128,0.8235294117647058,6.082762530298219,0.8332874069991734,0.9859797848059993,1.1832409520704272,False,False,False,False,False
unet,benign (14).png,0.7917044013765622,0.655224104332184,18.04435915711092,0.6561092764935454,0.9979452054794521,1.5210045662100458,False,False,False,False,False
unet,malignant (62).png,0.817049193483669,0.6906873802214948,67.44649149883149,0.898154070087996,0.7493789677063207,0.8343545864384948,False,False,False,False,True
unet,benign (435).png,0.8456135106859961,0.7325220093215951,12.0,0.9957761351636748,0.7348051948051948,0.7379220779220779,False,False,False,False,False
unet,benign (191).png,0.8995676343421866,0.8174674449932645,10.80275656275508,0.9097951024487756,0.8895675543611044,0.9777669191302223,False,False,False,False,False
unet,malignant (145).png,0.8377614471452798,0.7208171206225681,11.072135954999576,1.0,0.7208171206225681,0.7208171206225681,False,False,False,False,False
unet,benign (335).png,0.2022104824134575,0.1124772841511038,86.39733748572992,1.0,0.11247728415110389,0.11247728415110389,False,False,True,False,False
unet,benign (259).png,0.9669704472422694,0.9360530341662416,4.104639781775014,0.9481404958677686,0.9865634741481243,1.0405245619692571,False,False,False,False,False
unet,benign (45).png,0.8058873602987615,0.6748838706710205,328.846399256638,0.7027441214501221,0.9445159629248198,1.34403964984552,False,False,False,False,True
unet,benign (344).png,0.0,0.0,721.201774817561,0.0,0.0,0.0,True,True,False,False,False
unet,benign (199).png,0.1083961478094057,0.0573038311821348,228.27833547303848,1.0,0.05730383118213481,0.05730383118213481,False,True,False,False,False
unet,benign (240).png,0.838410036793534,0.7217779624052342,180.32290027096235,0.9675174013921114,0.739702699826161,0.7645368432256004,False,False,False,False,True
unet,malignant (140).png,0.5816401889222842,0.4100794342729826,198.39606363884005,0.5872377319230102,0.5761483497788363,0.9811160258591357,False,False,False,False,False
unet,benign (385).png,0.9446396252528478,0.8950872591546454,6.0,0.9786037278041249,0.9129540076139521,0.9329149089412491,False,False,False,False,False
unet,benign (125).png,0.9414948990214448,0.8894571203776553,5.0,0.961922995107424,0.9219164118246687,0.9584097859327217,False,False,False,False,False
unet,benign (72).png,0.9468525325380864,0.8990692773729037,9.848857801796104,0.9072744993797626,0.9900410925791636,1.0912255257432923,False,False,False,False,False
unet,malignant (56).png,0.8997093357670392,0.8177015083502941,51.69725314140968,0.9800832094103494,0.8315188114881914,0.8484165461710754,False,False,False,False,True
unet,benign (196).png,0.0,0.0,398.2214540141947,0.0,0.0,0.06059613494923027,False,True,False,False,False
unet,malignant (120).png,0.8910207034988212,0.8034601784812258,51.56127419690502,0.9417772734001085,0.8454553508150248,0.897723245924876,False,False,False,False,True
unet,benign (346).png,0.963495940326094,0.9295631129792384,7.615773105863909,0.9716674655163232,0.9554607106386321,0.9833206776465659,False,False,False,False,False
unet,benign (139).png,0.9495601721879094,0.9039643652561248,5.0,0.9226222949627205,0.978118372855215,1.0601503759398496,False,False,False,False,False
unet,malignant (59).png,0.6337217282006458,0.4638306421766118,97.17226955063856,0.9024400279800847,0.4883164304719071,0.5411067941710176,False,False,True,False,False
unet,malignant (8).png,0.9217391304347826,0.8548387096774194,11.808054941967727,0.9410935738444194,0.9031647281579659,0.9596970516635109,False,False,False,False,False
unet,benign (319).png,0.94826230539393,0.9016148325358851,5.656854249492381,0.9844362211580322,0.9146526443523106,0.9291131560319547,False,False,False,False,False
unet,benign (303).png,0.949553950722175,0.9039530886664644,5.830951894845301,0.945637228979376,0.9535032526394369,1.0083182254452383,False,False,False,False,False
unet,benign (434).png,0.9624588191197648,0.9276343309122712,10.63014581273465,0.950384727768579,0.9748436469718464,1.0257358083401602,False,False,False,False,False
unet,benign (28).png,0.9376097453906936,0.8825473890811425,13.159708511893706,0.9582211754149843,0.9178663515255694,0.9578856897292651,False,False,False,False,False
unet,benign (294).png,0.0,0.0,612.5332644028404,0.0,0.0,0.0,True,True,False,False,False
unet,benign (122).png,0.0,0.0,965.4040604845206,0.0,0.0,0.0,True,True,False,False,False
unet,benign (129).png,0.933806146572104,0.8758314855875832,5.0990195135927845,0.9556451612903226,0.9129429892141756,0.9553158705701078,False,False,False,False,False
unet,malignant (181).png,0.0219025570324896,0.0110725369522907,335.5678765844632,0.015376186997808619,0.03805477718521197,2.4749163879598663,False,True,False,False,False
unet,benign (171).png,0.7072710103871577,0.5471146822498174,13.090220576310305,1.0,0.5471146822498174,0.5471146822498174,False,False,True,False,False
unet,malignant (89).png,0.5727353543682441,0.4012818198230727,110.21114333493212,0.9099357268596225,0.4178793006204174,0.4592404587328445,False,False,True,False,False
unet,benign (395).png,0.0565643580266752,0.0291053414916487,159.00476143771604,0.18046654703922071,0.03353818303082273,0.18584155114096518,False,True,False,False,False
unet,malignant (44).png,0.6549642837366411,0.4869493618773157,286.6834488121676,0.524244304582927,0.8725287695485394,1.664355267040425,False,False,False,True,False
unet,benign (264).png,0.9621750896846876,0.927107337780473,4.47213595499958,0.9847342995169082,0.9406263459053713,0.9552082692426014,False,False,False,False,False
unet,benign (33).png,0.9759654687551094,0.9530591390982246,4.0,0.9888020143122184,0.9634579378914068,0.9743689069662341,False,False,False,False,False
unet,benign (44).png,0.9543114017163874,0.9126152884164452,3.605551275463989,0.9461912479740681,0.9625721352019786,1.0173124484748557,False,False,False,False,False
unet,malignant (138).png,0.2879887740507866,0.1682166388197093,99.7767288506027,0.8971082716879624,0.17152592497348035,0.19119868848243274,False,False,True,False,False
unet,benign (180).png,0.9466485507246376,0.8987015220569267,9.0,0.9914619106346646,0.9057110668168818,0.9135107028338677,False,False,False,False,False
unet,malignant (54).png,0.9336750921439128,0.8756009404498719,16.278820596099706,0.9590652265826191,0.9095946340040828,0.9484179060950715,False,False,False,False,False
unet,malignant (203).png,0.6654475956774102,0.4986297979172928,102.41581909060729,0.897870172869377,0.5286113245740633,0.5887391524375386,False,False,True,False,False
unet,benign (239).png,0.9410429000081096,0.88865063562567,7.810249675906654,0.950524246395806,0.9317488357154328,0.9802473101011723,False,False,False,False,False
unet,benign (23).png,0.9317251051893408,0.8721772923012289,12.529964086141668,0.9935985641639247,0.8771058885661474,0.882756799577502,False,False,False,False,False
unet,benign (398).png,0.5695063015256325,0.3981187069422363,172.30269483360658,0.8767642875378387,0.42171739321112184,0.4809928953600561,False,False,True,False,False
unet,benign (277).png,0.9463463994025104,0.89815704028902,11.0,0.9256728095395202,0.9679645145391819,1.0456875308033513,False,False,False,False,False
unet,benign (235).png,0.0,0.0,729.8109344206895,0.0,0.0,0.0,True,True,False,False,False
unet,benign (334).png,0.0,0.0,726.9092102869519,0.0,0.0,0.0,True,True,False,False,False
unet,benign (217).png,0.9421083512614904,0.8905527823997041,10.12395732415323,0.9573685779588592,0.927326980460102,0.9686206564635672,False,False,False,False,False
unet,malignant (52).png,0.8465886026541765,0.733986680383345,48.04936030622996,0.94407688557699,0.7673497113098607,0.8128042567644062,False,False,False,False,True
unet,benign (365).png,0.9425533253633676,0.891348327978103,5.0990195135927845,0.931939778524325,0.9534114052953157,1.0230397148676171,False,False,False,False,False
unet,benign (409).png,0.7169848912502076,0.5588280966923754,74.675966007588,0.9750370290090676,0.5669393885288774,0.5814542131851743,False,False,True,False,True
unet,benign (273).png,0.9754321454964942,0.9520425037824144,5.0,0.9691955011103948,0.9817495736729437,1.0129530858822249,False,False,False,False,False
unet,benign (153).png,0.5511975734755779,0.3804504764654923,87.52473470007433,0.3898505696108892,0.9403997144896502,2.41220556745182,False,False,False,True,False
unet,benign (400).png,0.9511101401956068,0.9067778959870758,26.54238373474521,0.9396947989826633,0.9628062374113189,1.024594622055668,False,False,False,False,True
unet,malignant (33).png,0.872181747639781,0.7733353719134622,54.01202365109391,0.915176955923862,0.8330451109244528,0.9102557768005666,False,False,False,False,True
unet,benign (369).png,0.473631295128416,0.3102994011976048,423.6221672818735,0.313338976901681,0.969685628742515,3.094685628742515,False,False,False,True,False
unet,malignant (24).png,0.8865303498975615,0.7961872600802379,44.502192550751246,0.8012053441765902,0.9921949464976171,1.23837784371909,False,False,False,False,True
unet,benign (160).png,0.7935074444715645,0.6576977544001619,235.94978120071707,0.712157721796276,0.8958390741251033,1.2579222926426012,False,False,False,False,True
unet,benign (35).png,0.9446338691345998,0.8950769230769231,5.385164807134504,0.9353697749196141,0.9540833060019679,1.020006559527714,False,False,False,False,False
unet,benign (187).png,0.946042878775803,0.897610405323654,5.0,0.9938044206296048,0.9026615969581749,0.9082889733840305,False,False,False,False,False
unet,malignant (172).png,0.5303905708342963,0.3609058027991823,129.19828690194578,0.5754764292878636,0.49185597942563225,0.8546935276468067,False,False,False,False,False
unet,benign (284).png,0.95098999129678,0.9065595022037852,8.0,0.9966366434842093,0.9093415166961406,0.9124102777488817,False,False,False,False,False
unet,benign (37).png,0.8489676134577089,0.7375705700236751,240.10263839535284,0.8030933967876264,0.9004001778568252,1.1211649622054247,False,False,False,False,True
unet,benign (241).png,0.9308326568975092,0.8706145608567091,13.92838827718412,0.9560333479596315,0.9069264069264069,0.9486346986346986,False,False,False,False,False
unet,benign (324).png,0.9013093609536836,0.8203486303806474,8.875882581407856,0.9572436695724367,0.8515509601181684,0.8895864106351551,False,False,False,False,False
unet,benign (7).png,0.9002169197396963,0.8185404339250493,5.830951894845301,0.8624272651704074,0.941470054446461,1.0916515426497277,False,False,False,False,False
unet,malignant (36).png,0.2950097712697145,0.1730272504197339,167.25664952053745,0.914349087186487,0.17587791270101738,0.19235313423039055,False,False,True,False,False
unet,benign (169).png,0.0071377587437544,0.0035816618911174,35.49917489574242,1.0,0.0035816618911174787,0.0035816618911174787,False,True,False,False,False
unet,malignant (64).png,0.0560849912187257,0.028851565508457,252.2632647981993,0.10578907353100901,0.038157173078429835,0.3606910600955888,False,True,False,False,False
unet,benign (215).png,0.9008504058755316,0.8195885352558466,6.324555320336759,0.9845796366708914,0.8302458140363377,0.8432490203063769,False,False,False,False,False
unet,malignant (7).png,0.8399130224691954,0.7240086637787404,17.46424919657298,0.8277931231545862,0.8523930953315025,1.0297175362887407,False,False,False,False,False
unet,benign (157).png,0.9443913972627654,0.8946416264645073,7.071067811865476,0.945896711904545,0.9428908661703287,0.9968222262574905,False,False,False,False,False
unet,benign (336).png,0.0,0.0,229.51383087002264,0.0,0.0,0.4976342429577465,False,True,False,False,False
unet,benign (428).png,0.8580769512284383,0.7514315015810614,69.50616934444557,0.7519777635236262,0.999034200659016,1.3285422111123737,False,False,False,False,True
unet,benign (417).png,0.9523202267091746,0.908980254260211,3.1622776601683795,0.9494278852945331,0.9552302444570779,1.006111426947129,False,False,False,False,False
unet,benign (436).png,0.9202597182142253,0.8522972919860079,18.418522287722453,0.8936740160725325,0.9484757031010803,1.0613217862922626,False,False,False,False,False
unet,malignant (93).png,0.9522296918000466,0.9088153046023574,11.027216610312353,0.9785569563259793,0.9272819391482894,0.9476013972960721,False,False,False,False,False
unet,benign (141).png,0.6617600061978869,0.4945002460416244,134.98185010889657,0.982812926980109,0.4988138080047886,0.5075368814464972,False,False,True,False,False
unet,benign (420).png,0.7806954385667697,0.6402792733335649,60.87933771208753,0.9483703341651017,0.6634035738064818,0.6995195335696677,False,False,False,False,True
unet,benign (243).png,0.0128354394434189,0.006459172882906,208.5293482920565,0.0303804274768114,0.008136520737327188,0.2678211405529954,False,True,False,False,False
unet,benign (265).png,0.8665090184077526,0.7644604434263275,20.039937764048982,0.9855500474633477,0.7731259308290584,0.7844613602515307,False,False,False,False,True
unet,malignant (55).png,0.7863238773828197,0.6478860898138007,261.6351779517675,0.8774178236620387,0.7123657208921431,0.8118888193072884,False,False,False,False,True
unet,benign (64).png,0.6654230130583629,0.498602193480999,134.5272747787202,0.9810944371401369,0.5034392375516661,0.5131404465192745,False,False,True,False,False
unet,malignant (45).png,0.4731848501111707,0.309916265990434,297.7935526501539,0.38481142883864483,0.6142496361080355,1.5962354287704805,False,False,False,False,False
unet,malignant (128).png,0.8309695521602841,0.7108194262141384,102.88342918079664,0.9880752238339133,0.7169700695068325,0.7256229608964962,False,False,False,False,True
unet,benign (387).png,0.8168187744458931,0.6903581267217631,104.00142516039948,0.7015677491601344,0.9773790951638065,1.393135725429017,False,False,False,False,True
unet,benign (99).png,0.9678263616262804,0.937658476873306,5.674264014027677,0.9709370755998189,0.964735516372796,0.9936128103634401,False,False,False,False,False
unet,malignant (28).png,0.9176861860078396,0.847892888498683,31.78049716414141,0.961423593827775,0.8777550556691661,0.9129743240172689,False,False,False,False,True
unet,benign (24).png,0.9181475002301814,0.8486808510638297,6.0,0.9240177909562639,0.9123513266239707,0.9873741994510522,False,False,False,False,False
unet,benign (30).png,0.947752808988764,0.9006940736785904,3.0,0.9642755072877965,0.9317867992267329,0.9663076498204916,False,False,False,False,False
unet,benign (411).png,0.046625297517851,0.0238691007202071,161.42010396196224,0.1648880204419059,0.02715144914981561,0.16466599014924635,False,True,False,False,False
unet,benign (402).png,0.0637034659820282,0.0328996436562525,139.34485820747057,0.9659367396593674,0.0329378577947399,0.03409939434165768,False,True,False,False,False
unet,benign (364).png,0.944901466125553,0.8955575576963061,8.94427190999916,0.9239899892742224,0.966781385605267,1.0463115367349993,False,False,False,False,False
unet,malignant (210).png,0.7846098904637289,0.6455621814818739,90.249650511587,0.9546535979371162,0.6659842175356299,0.6976187163330617,False,False,False,False,True
unet,benign (144).png,0.9344576466078958,0.8769784172661871,3.0,0.9009608277900961,0.9705414012738853,1.0772292993630572,False,False,False,False,False
unet,malignant (157).png,0.0490915499727625,0.0251634308991163,319.06660641829643,0.02680711823478976,0.2909781576448243,10.854510921177587,False,False,False,False,False
unet,benign (213).png,0.91721044045677,0.8470809792843691,9.899494936611664,0.9928263988522238,0.8522974893415443,0.8584557081951681,False,False,False,False,False
unet,benign (290).png,0.957065513912788,0.9176659959758552,7.071067811865476,0.9615044061221908,0.9526674186405982,0.9908092075030288,False,False,False,False,False
unet,malignant (188).png,0.864241709533782,0.7609380594343,57.17373959585947,0.8031972184954933,0.9353284189679832,1.1645065463747386,False,False,False,False,True
unet,benign (253).png,0.9071115288220551,0.8300128995270173,11.6619037896906,0.9431596091205212,0.8737175618587809,0.9263729631864815,False,False,False,False,False
unet,malignant (152).png,0.1952354874041621,0.1081778182369898,162.03949117361884,0.5515374202281957,0.11861093782491162,0.21505510501143688,False,False,False,False,False
unet,malignant (190).png,0.8626115970781856,0.7584142715559961,28.857407085420697,0.8762423853799295,0.8493983927540736,0.9693646494694312,False,False,False,False,True
unet,benign (285).png,0.9487078651685392,0.9024207769999466,7.0,0.966462542207978,0.9315937551718431,0.9639212224857947,False,False,False,False,False
unet,benign (108).png,0.5095595225520229,0.3418851878100638,63.12685640834652,0.9501674217057318,0.34812730028144623,0.3663852204661904,False,False,True,False,False
unet,benign (173).png,0.9496828159865416,0.90418668802278,38.51921820293049,0.939508113355832,0.9600803117987481,1.0218967757174915,False,False,False,False,True
unet,benign (432).png,0.9776625172890732,0.9563011567340864,4.0,0.9741593164277839,0.9811910049972238,1.0072182121043864,False,False,False,False,False
unet,malignant (150).png,0.879459588962615,0.7848530765154825,47.2227869856944,0.940105558524853,0.826163962659256,0.8787991467209425,False,False,False,False,True
unet,benign (238).png,0.9203855919438826,0.8525132538765098,13.367824394431668,0.9206629358588033,0.9201084150748581,0.9993976940285665,False,False,False,False,False
unet,malignant (202).png,0.885782794315457,0.794982154104556,38.60051813123757,0.9546199420143704,0.8262055422212524,0.8654811259000654,False,False,False,False,True
unet,malignant (46).png,0.7658784202055219,0.6205858747993579,41.19465448700515,0.9874217852126165,0.6255308821744934,0.6334991708126037,False,False,False,False,True
unet,benign (67).png,0.8900832261665008,0.8019369083794242,115.4454308391455,0.9606400251401037,0.8291817359855335,0.8631555153707052,False,False,False,False,True
unet,benign (156).png,0.9366979402566592,0.8809330628803246,9.0,0.9680151565808537,0.9073435704585814,0.9373237229708555,False,False,False,False,False
unet,malignant (148).png,0.5615901455767077,0.3904242896068509,271.97426348829407,0.46781716417910446,0.7023809523809523,1.5014005602240896,False,False,False,False,False
unet,benign (220).png,0.908609100310238,0.8325239843657468,9.055385138137416,0.9004611837048424,0.9169058178972085,1.0182624576050092,False,False,False,False,False
unet,malignant (165).png,0.7024803824298729,0.5414025136247358,91.84551876764088,0.9710979776065435,0.5502691856603881,0.5666464129774336,False,False,True,False,True
unet,benign (76).png,0.9469700645286496,0.899281238481386,6.324555320336759,0.9430807885581755,0.9508915521777258,1.0082821787001852,False,False,False,False,False
unet,malignant (131).png,0.6941371050530398,0.5315543520985282,269.7424697744128,0.5690042075736326,0.8898230735487644,1.5638251206316713,False,False,False,True,False
nnunet,malignant (30).png,0.80660604647548,0.6758925198952811,60.10823570859488,0.8907599086805019,0.7369803871444194,0.8273614247369093,False,False,False,False,True
nnunet,benign (110).png,0.9563239554845524,0.9163034454130344,10.353500688156402,0.97730920360839,0.9362209733856431,0.9579577987488072,False,False,False,False,False
nnunet,benign (245).png,0.8691966865729147,0.7686541737649063,12.041594578792296,0.9533065708852736,0.7987254381306426,0.8378474066206408,False,False,False,False,False
nnunet,benign (22).png,0.916118978250559,0.8452209789335501,21.93171219946131,0.8516092460792342,0.9912029909830657,1.1639176013488748,False,False,False,False,True
nnunet,benign (399).png,0.9595097821253892,0.9221708821879756,10.720826148465209,0.9645221666620107,0.9545492245168782,0.9896602250421609,False,False,False,False,False
nnunet,malignant (133).png,0.8943768383413115,0.8089346075199265,43.6440021932408,0.9032851817334576,0.885642490005711,0.980468303826385,False,False,False,False,True
nnunet,benign (219).png,0.5986560135456902,0.4272013291043649,108.530763406848,0.44264475743348985,0.9244974669063573,2.0885765647981698,False,False,False,True,False
nnunet,benign (427).png,0.3498384022540813,0.2120025109855618,149.36230890020406,0.21200251098556183,1.0,4.71692526353192,False,False,False,True,False
nnunet,benign (381).png,0.933133166868365,0.8746482109011544,202.7212478241127,0.9068631829685871,0.960970530699817,1.0596642897709345,False,False,False,False,True
nnunet,benign (55).png,0.7304563287218666,0.575369201743543,118.93371710141967,0.5792127840723034,0.98859825620389,1.706796333556897,False,False,False,True,True
nnunet,malignant (1).png,0.8918034979022615,0.8047340848072881,36.61966684720111,0.9044573030152344,0.8794988735644815,0.972405077202044,False,False,False,False,True
nnunet,benign (362).png,0.8350681718223134,0.7168386609614901,13.036484569885031,0.8079432624113475,0.8640776699029126,1.0694781553398058,False,False,False,False,False
nnunet,benign (15).png,0.8935018050541517,0.8075040783034257,7.0,0.8293772689192963,0.9683730029344636,1.1675904792957288,False,False,False,False,False
nnunet,benign (14).png,0.8485226799833542,0.7368991687748464,12.453255005999129,0.779434250764526,0.9310502283105023,1.1945205479452055,False,False,False,False,False
nnunet,malignant (62).png,0.6814203521822514,0.516783611297204,116.77663734326978,0.9249921110760492,0.5393872481369031,0.5831263225687736,False,False,True,False,False
nnunet,benign (435).png,0.8485717436858939,0.7369731800766284,17.0,0.7373969714395247,0.9992207792207792,1.355064935064935,False,False,False,False,False
nnunet,benign (191).png,0.8755284170972287,0.7786131996658312,10.295630140987,0.8428668324666516,0.9108233569508918,1.0806254580991936,False,False,False,False,False
nnunet,malignant (145).png,0.9247524752475248,0.860036832412523,6.324555320336759,0.9415322580645161,0.9085603112840467,0.9649805447470817,False,False,False,False,False
nnunet,benign (335).png,0.3222730368784665,0.1920890847929474,94.2793118750326,1.0,0.19208908479294745,0.19208908479294745,False,False,True,False,False
nnunet,benign (259).png,0.9445022907122032,0.8948406826477262,6.324555320336759,0.9158001009591116,0.9750618080189186,1.0647103085026335,False,False,False,False,False
nnunet,benign (45).png,0.91240519803078,0.8389201533317021,322.25149759591983,0.8438294730509448,0.9931127703398558,1.1769116889804325,False,False,False,False,True
nnunet,benign (344).png,0.2813705999298327,0.1637180185084376,182.00824144724984,0.19700641949430106,0.49210504786059067,2.497913769123783,False,False,False,False,False
nnunet,benign (199).png,0.0909357582868876,0.0476336816226183,228.0908823456525,1.0,0.047633681622618315,0.047633681622618315,False,True,False,False,False
nnunet,benign (240).png,0.8703982534066099,0.7705355060148622,48.64605301909029,0.9269593104830628,0.8203427111789122,0.8849824387128818,False,False,False,False,True
nnunet,malignant (140).png,0.7497727128570523,0.599709125346682,99.2731367512891,0.9901714413357905,0.6033004423273223,0.6092888737665872,False,False,False,False,True
nnunet,benign (385).png,0.9444909619268088,0.8948203453103126,5.0990195135927845,0.9058956916099773,0.9865212470418767,1.0890009260211957,False,False,False,False,False
nnunet,benign (125).png,0.944750254841998,0.8952859350850078,5.864761515876238,0.9447502548419979,0.9447502548419979,1.0,False,False,False,False,False
nnunet,benign (72).png,0.9287990057620608,0.8670632409399655,12.041594578792296,0.8719558761137038,0.993570219966159,1.1394730481024897,False,False,False,False,False
nnunet,malignant (56).png,0.8794582606568117,0.7848509607257564,52.81838263992,0.9920585459660619,0.7898131609537581,0.7961356355079243,False,False,False,False,True
nnunet,benign (196).png,0.1298209366391184,0.069416313754373,254.9681285300915,0.18928078323082717,0.0987880773010154,0.5219128725843433,False,True,False,False,False
nnunet,malignant (120).png,0.9049045521292216,0.8263248229993564,39.71584528139295,0.9635253796312511,0.8530076187101346,0.8852985471296952,False,False,False,False,True
nnunet,benign (346).png,0.9488573360378634,0.9026912983070036,10.871206735557966,0.9811236332112195,0.918645754235291,0.936320075410437,False,False,False,False,False
nnunet,benign (139).png,0.9301555167019416,0.8694305866162051,8.54400374531753,0.8897887323943662,0.9743589743589743,1.0950453055716214,False,False,False,False,False
nnunet,malignant (59).png,0.9207430928444084,0.853126893828319,32.984845004941285,0.8749085295562306,0.9716454963429704,1.1105680919990648,False,False,False,False,True
nnunet,malignant (8).png,0.8528535980148884,0.7434566298940082,22.82533053842873,0.787760715104286,0.9296727076007574,1.1801460643765216,False,False,False,False,True
nnunet,benign (319).png,0.9558838723008576,0.9154957451019196,5.0,0.9770831133171402,0.9355849934270402,0.9575285670947518,False,False,False,False,False
nnunet,benign (303).png,0.9159336265493804,0.8449054863992623,9.219544457292889,0.8619132725049384,0.9771782019835769,1.1337314706196011,False,False,False,False,False
nnunet,benign (434).png,0.955635561233378,0.9150403113705866,11.180339887498947,0.9266502749676233,0.986492696864947,1.0645792954622655,False,False,False,False,False
nnunet,benign (28).png,0.9361071382134964,0.8798885412592883,9.219544457292889,0.9072533897877917,0.9668564675547916,1.065696175333047,False,False,False,False,False
nnunet,benign (294).png,0.4045860117048834,0.253593120452222,181.61108761817584,0.6125798954096455,0.30203409253688585,0.4930525712648618,False,False,False,False,False
nnunet,benign (122).png,0.0,0.0,965.4040604845206,0.0,0.0,0.0,True,True,False,False,False
nnunet,benign (129).png,0.9087202007528232,0.8327105490083357,7.071067811865476,0.9252634940913447,0.8927580893682588,0.964869029275809,False,False,False,False,False
nnunet,malignant (181).png,0.1242473712851299,0.0662386763494796,240.0666574099785,0.07709567793656326,0.3198951459821025,4.149326584109192,False,False,False,False,False
nnunet,benign (171).png,0.8623188405797102,0.7579617834394905,5.0,0.785242951409718,0.956172388604821,1.2176771365960555,False,False,False,False,False
nnunet,malignant (89).png,0.4080660643497248,0.2563335419965386,178.5898849402338,0.9252982421161068,0.26175032900921225,0.28288212069937957,False,False,True,False,False
nnunet,benign (395).png,0.9431075443602014,0.8923401234700682,22.360679774997894,0.9020025657193799,0.9881377733314277,1.0954933066552333,False,False,False,False,True
nnunet,malignant (44).png,0.7505609455487786,0.6007183326588426,190.9042221439552,0.6565489025266766,0.875995868987902,1.3342431395691945,False,False,False,False,True
nnunet,benign (264).png,0.9296156095158956,0.868487636572743,12.806248474865695,0.929987684729064,0.9292438319079555,0.9992001476650465,False,False,False,False,False
nnunet,benign (33).png,0.9747969846970138,0.9508331229487504,3.097366596101013,0.9769779507133592,0.9726257343921493,0.9955452256440054,False,False,False,False,False
nnunet,benign (44).png,0.9380917698470502,0.8834019204389575,8.099048448885892,0.9211697393515575,0.9556471558120363,1.0374278647980215,False,False,False,False,False
nnunet,malignant (138).png,0.6571378050218083,0.4893560988456305,95.95205340004624,0.6066657597605768,0.7167700665402296,1.1814908868816099,False,False,False,False,False
nnunet,benign (180).png,0.9585649756775538,0.9204270581366252,5.682968896295314,0.9608184588593818,0.956322038304879,0.9953202183898084,False,False,False,False,False
nnunet,malignant (54).png,0.9187124134023068,0.8496466849240965,14.85594417860998,0.9213565536205316,0.9160834062408866,0.9942767570720327,False,False,False,False,False
nnunet,malignant (203).png,0.6986025135996998,0.5368094843429065,92.79115909712615,0.9327239144726545,0.5584315783554814,0.5987104755121548,False,False,True,False,False
nnunet,benign (239).png,0.8098434004474273,0.6804511278195489,15.54830556364304,0.7792458432304038,0.8429420266581018,1.0817408061666933,False,False,False,False,False
nnunet,benign (23).png,0.9485880193924786,0.9022039285156046,10.0,0.9853192215773301,0.9144969632954846,0.9281225244256668,False,False,False,False,False
nnunet,benign (398).png,0.7903682981100371,0.6533958202940143,66.46040820841066,0.8342819273351005,0.7508464169809665,0.8999912288395755,False,False,False,False,True
nnunet,benign (277).png,0.896112600536193,0.811778992106861,50.25861108640935,0.8195749897834083,0.9884179398718581,1.2060128141941844,False,False,False,False,True
nnunet,benign (235).png,0.505537498495245,0.3382737927423577,206.7157467493329,0.732513518227804,0.3859479827221763,0.5268817204301075,False,False,False,False,False
nnunet,benign (334).png,0.9184522407974256,0.8492017416545719,11.704699910719626,0.8735443415945058,0.9682277014727784,1.1083898725798444,False,False,False,False,False
nnunet,benign (217).png,0.9325228559523516,0.8735764144011756,8.08985077373904,0.9501523400429549,0.9155356627201848,0.9635672345750312,False,False,False,False,False
nnunet,malignant (52).png,0.7988532362994818,0.6650754599199501,82.21921916437786,0.9610527432877003,0.6834974904713386,0.7111966489301483,False,False,False,False,True
nnunet,benign (365).png,0.8256811437820339,0.7031149499218965,42.579337712087536,0.7165464931173331,0.9740325865580448,1.3593431771894093,False,False,False,False,True
nnunet,benign (409).png,0.9133619209077108,0.8405392176856875,34.15988375348211,0.9665240077387582,0.865743123312993,0.8957285244661969,False,False,False,False,True
nnunet,benign (273).png,0.9286518118388476,0.8668067226890757,13.341664064126334,0.8881051725279819,0.973077899931062,1.095678676390552,False,False,False,False,False
nnunet,benign (153).png,0.5313653136531366,0.3618090452261306,89.72735030592759,0.3649946638207044,0.9764453961456103,2.675231977159172,False,False,False,True,False
nnunet,benign (400).png,0.9334462136630808,0.875198443454974,40.61280020177394,0.8922730666317895,0.978602977652663,1.0967527926700256,False,False,False,False,True
nnunet,malignant (33).png,0.8305597722065604,0.7102199432404541,72.48859962749246,0.9713523288637967,0.7254146285224896,0.746808966187394,False,False,False,False,True
nnunet,benign (369).png,0.8724185780752591,0.7737078326335601,19.6468827043885,0.7737078326335601,1.0,1.2924775449101797,False,False,False,False,False
nnunet,malignant (24).png,0.905778485363824,0.8277834727687576,33.21743028642313,0.9112352801994794,0.9003866558762701,0.9880945958097294,False,False,False,False,True
nnunet,benign (160).png,0.9118912168724852,0.8380515174700331,6.0,0.9183901621017329,0.9054836042987049,0.9859465417470378,False,False,False,False,False
nnunet,benign (35).png,0.9336954785109444,0.8756367995205274,6.708203932499369,0.9102803738317757,0.9583469990160708,1.052804198097737,False,False,False,False,False
nnunet,benign (187).png,0.8010871411584848,0.6681779540946444,20.0,0.9070975187536064,0.7172623574144487,0.7907224334600761,False,False,False,False,True
nnunet,malignant (172).png,0.6666166654166354,0.4999437507031162,140.28950582850075,0.5127495096342448,0.9524217745392198,1.857479639948564,False,False,False,True,False
nnunet,benign (284).png,0.9289996669257244,0.8674130513657803,10.198039027185567,0.9960123794786335,0.8704358680952876,0.8739207323416207,False,False,False,False,False
nnunet,benign (37).png,0.9179120641108944,0.8482786228983187,5.656854249492381,0.894847972972973,0.9421965317919075,1.0529124055135617,False,False,False,False,False
nnunet,benign (241).png,0.9126197063204936,0.839282918428057,10.0,0.9336410345728469,0.8925241425241425,0.9559607059607059,False,False,False,False,False
nnunet,benign (324).png,0.8757220048444196,0.7789194564136559,8.94427190999916,0.8837908988341482,0.8677991137370753,0.9819054652880355,False,False,False,False,False
nnunet,benign (7).png,0.8330214181742566,0.7138275124732716,9.054380928916643,0.7689059500959693,0.9088021778584392,1.1819419237749547,False,False,False,False,False
nnunet,malignant (36).png,0.48904706056807,0.3236679633132294,84.87638069569178,0.41497563542357757,0.5953068592057762,1.4345585822120117,False,False,False,False,False
nnunet,benign (169).png,0.3335116341267718,0.2001283903065318,351.4928597289274,0.20503123972377507,0.8932664756446992,4.356733524355301,False,False,False,True,False
nnunet,malignant (64).png,0.5470556926501186,0.3765152524310643,65.7419196555744,0.4649485949280329,0.6643814150278148,1.428935203322103,False,False,False,False,False
nnunet,benign (215).png,0.9113924050632912,0.8372093023255814,6.708203932499369,0.9468228066807448,0.8785179907374421,0.9278589241182758,False,False,False,False,False
nnunet,malignant (7).png,0.8051901565995526,0.6739065308568005,25.63980213879381,0.7403324008556854,0.8825029423303257,1.1920360925853275,False,False,False,False,True
nnunet,benign (157).png,0.9434518492049312,0.892956793776951,7.280109889280518,0.9285211886759276,0.9588705284183766,1.0326856727800982,False,False,False,False,False
nnunet,benign (336).png,0.7207117153138745,0.5633692764494452,69.87629155481429,0.566040698404723,0.9916923415492958,1.751980633802817,False,False,False,True,True
nnunet,benign (428).png,0.7919731839553665,0.6555923870535215,54.9337084679001,0.6555923870535215,1.0,1.5253380297693444,False,False,False,False,True
nnunet,benign (417).png,0.914361350099272,0.842233601560595,6.082762530298219,0.8555858310626703,0.9818078453666856,1.1475270039795338,False,False,False,False,False
nnunet,benign (436).png,0.7756970752464226,0.6335826367502566,113.92302370347018,0.6579155753182676,0.9448453833705113,1.4361194943795652,False,False,False,False,True
nnunet,malignant (93).png,0.9668329109094378,0.9357953046689528,7.0,0.9886024801449074,0.946001439961601,0.9569078157915789,False,False,False,False,False
nnunet,benign (141).png,0.5122056746091734,0.3442718296930073,216.9775332867686,0.8958135803369557,0.35863146292146314,0.4003416232946209,False,False,True,False,False
nnunet,benign (420).png,0.8565348205767961,0.7490694390963932,49.96147301220383,0.8735709608008233,0.8401504381781865,0.9617426355473179,False,False,False,False,True
nnunet,benign (243).png,0.2757132582114601,0.1598998887652947,128.33237504045582,0.3097504040222661,0.2484158986175115,0.8019873271889401,False,False,False,False,False
nnunet,benign (265).png,0.8993105870987573,0.8170430064629378,16.492422502470642,0.9581734818003181,0.8472612940592421,0.8842462353135859,False,False,False,False,False
nnunet,malignant (55).png,0.9065584854631508,0.829087311402424,21.49413507185169,0.8518063614417009,0.9688327954140373,1.1373861939399779,False,False,False,False,True
nnunet,benign (64).png,0.4806467173439345,0.3163495434739769,249.6868836660126,0.8432028635903821,0.33612246322303474,0.3986258559320062,False,False,True,False,False
nnunet,malignant (45).png,0.0088740987243483,0.0044568245125348,341.42378356303806,0.010538922155688623,0.007663502569015066,0.7271618914917705,False,True,False,False,False
nnunet,malignant (128).png,0.8891606714628297,0.8004403954924226,51.97689741685824,0.9020972215463968,0.8765899096884013,0.9717244314151969,False,False,False,False,True
nnunet,benign (387).png,0.9398125308337444,0.8864588180549092,7.810249675906654,0.8939465039887377,0.9906396255850234,1.108164326573063,False,False,False,False,False
nnunet,benign (99).png,0.965799786248664,0.933861522562866,5.656854249492381,0.9562610229276896,0.9755307664627564,1.0201511335012594,False,False,False,False,False
nnunet,malignant (28).png,0.9063078216989068,0.8286681021224239,17.72162768692982,0.8947193623380937,0.918200408997955,1.0262440354464895,False,False,False,False,False
nnunet,benign (24).png,0.9323413566739606,0.8732579111329726,7.0,0.8936241610738255,0.9745654162854529,1.0905763952424519,False,False,False,False,False
nnunet,benign (30).png,0.90920798454604,0.833530106257379,8.94427190999916,0.8518339768339769,0.9748688207677437,1.144435238884286,False,False,False,False,False
nnunet,benign (411).png,0.9061121182063824,0.8283409417797511,27.40153012783908,0.8399847805867929,0.983540826176274,1.170903150756132,False,False,False,False,True
nnunet,benign (402).png,0.753448663221748,0.6044265013337178,85.69116232725153,0.8217996471280141,0.6955944578113333,0.8464282751182278,False,False,False,False,True
nnunet,benign (364).png,0.8472922321313171,0.7350451309076639,21.17184032154282,0.7457058355135935,0.9809217417327547,1.3154272033517882,False,False,False,False,True
nnunet,malignant (210).png,0.864292103392124,0.7610161961306999,47.9082236602012,0.8025590567950455,0.9363135820628515,1.1666600409469479,False,False,False,False,True
nnunet,benign (144).png,0.3392808867261422,0.2042975744750122,326.70893820371697,0.20433083686095735,0.9992038216560509,4.890127388535032,False,False,False,True,False
nnunet,malignant (157).png,0.1883129324108568,0.1039434104154916,205.06511160352937,0.10604171661472069,0.8400759734093067,7.922127255460588,False,False,False,True,False
nnunet,benign (213).png,0.9096598779048888,0.8342900159969888,9.848857801796104,0.9919445066010293,0.8399810516342966,0.8468024632875415,False,False,False,False,False
nnunet,benign (290).png,0.9323919020244938,0.8733465995551913,11.180339887498947,0.9297196261682243,0.9350795839077579,1.0057651334753728,False,False,False,False,False
nnunet,malignant (188).png,0.8939312123249177,0.8082058026462617,25.041949720598325,0.895381694556051,0.8924854219386071,0.9967653207173507,False,False,False,False,True
nnunet,benign (253).png,0.896037296037296,0.8116554054054054,8.602325267042627,0.9237423902595322,0.8699456849728425,0.9417622208811104,False,False,False,False,False
nnunet,malignant (152).png,0.2118736533259982,0.1184891960906974,248.0,0.8967015909972836,0.12012892493241838,0.133967560823456,False,False,True,False,False
nnunet,malignant (190).png,0.832253356038658,0.7127002765046778,40.2261464654924,0.8291178285009253,0.8354126892509879,1.0075922390445322,False,False,False,False,True
nnunet,benign (285).png,0.9334767593274076,0.8752521499097569,7.615773105863909,0.9586603872318158,0.9095823909085894,0.948805649031831,False,False,False,False,False
nnunet,benign (108).png,0.0742957934683842,0.0385811035860997,270.90693116413087,0.143239901071723,0.05015515623872411,0.35014793966948116,False,True,False,False,False
nnunet,benign (173).png,0.9113705036422222,0.8371723407195836,35.27023969284388,0.9711682342881574,0.8585095074997048,0.883996693043581,False,False,False,False,True
nnunet,benign (432).png,0.9629092416079568,0.9284715284715284,6.433632206939473,0.9582760516909541,0.9675874514158801,1.009716823986674,False,False,False,False,False
nnunet,malignant (150).png,0.8378512872894895,0.7209501487424502,83.91449882729651,0.9015229227491517,0.7825801906178445,0.8680646613304108,False,False,False,False,True
nnunet,benign (238).png,0.9478255500442504,0.9008254763115684,8.54400374531753,0.9085743597837668,0.9906212355876786,1.0903028738599208,False,False,False,False,False
nnunet,malignant (202).png,0.8718714641321565,0.772847628981786,45.65084884205331,0.9755241214003578,0.7881300458215142,0.8079042112153612,False,False,False,False,True
nnunet,malignant (46).png,0.8066791219056516,0.6759951465810795,35.318473405489485,0.954357075758413,0.6985802693847833,0.7319904542329005,False,False,False,False,True
nnunet,benign (67).png,0.8904388542720921,0.8025144515022968,38.27531841800928,0.966718737589028,0.8253164556962025,0.8537296564195298,False,False,False,False,True
nnunet,benign (156).png,0.90598203866254,0.8281235506910305,16.51016334646314,0.8808208366219415,0.9326230021936697,1.0588112399456806,False,False,False,False,False
nnunet,malignant (148).png,0.7068723702664796,0.5466377440347071,103.85271078435058,0.7078651685393258,0.7058823529411765,0.9971988795518207,False,False,False,False,True
nnunet,benign (220).png,0.815028901734104,0.6878048780487804,35.79100889572879,0.691051007442367,0.9932168014609966,1.4372554135142186,False,False,False,False,True
nnunet,malignant (165).png,0.8375825514043497,0.7205522873183442,64.99229856737466,0.9357263705021541,0.7580720371914256,0.8101428591614973,False,False,False,False,True
nnunet,benign (76).png,0.9261119406361704,0.8623915058565771,9.0,0.8645041392127049,0.9971743155022897,1.153463899444607,False,False,False,False,False
nnunet,malignant (131).png,0.93735481453728,0.8820957619349834,8.48528137423857,0.9613433753458346,0.9145342886386899,0.9513086708583126,False,False,False,False,False
deeplabv3plus,malignant (30).png,0.8395208851031559,0.7234261042067799,44.24757219719206,0.8022413168383457,0.8804340107650576,1.0974677971397326,False,False,False,False,True
deeplabv3plus,benign (110).png,0.972397783234706,0.9462784016714548,5.0990195135927845,0.9846191472594364,0.9604760894921005,0.9754798006574065,False,False,False,False,False
deeplabv3plus,benign (245).png,0.90448951291385,0.825632911392405,7.0,0.8860587536084225,0.9237033103204106,1.042485395645247,False,False,False,False,False
deeplabv3plus,benign (22).png,0.9016561435985588,0.8209233732619033,20.576665131315835,0.8210716435881998,0.9997800747745766,1.217652664760648,False,False,False,False,True
deeplabv3plus,benign (399).png,0.9445933501024012,0.8950041675349031,17.894116628998397,0.9392870810781259,0.9499599126371956,1.0113626938707805,False,False,False,False,False
deeplabv3plus,malignant (133).png,0.8461020983725323,0.7332556001524766,55.80677245153285,0.9754795215225368,0.7470245573957739,0.7658023986293546,False,False,False,False,True
deeplabv3plus,benign (219).png,0.4595160539785947,0.2982933091677994,137.12308122285725,0.30123544664192387,0.9682954731165223,3.214414119954241,False,False,False,True,False
deeplabv3plus,benign (427).png,0.5407276807180638,0.370546109573393,126.91818178510432,0.37069268635724334,0.9989340281890323,2.6947767381262584,False,False,False,True,False
deeplabv3plus,benign (381).png,0.972551802879052,0.946570158577607,6.810332556124564,0.9516289743047798,0.9944153467533287,1.0449611913926926,False,False,False,False,False
deeplabv3plus,benign (55).png,0.8866571018651362,0.7963917525773195,11.453784158731208,0.845031905195989,0.9325955734406438,1.1036217303822937,False,False,False,False,False
deeplabv3plus,malignant (1).png,0.8664825538233111,0.7644192480194493,48.76166504456119,0.942711294908245,0.8016594318369141,0.8503763943073795,False,False,False,False,True
deeplabv3plus,benign (362).png,0.8813367318040215,0.7878481012658228,258.3658127531684,0.8263409453000531,0.9441747572815534,1.1425970873786409,False,False,False,False,True
deeplabv3plus,benign (15).png,0.8999703176016622,0.8181327576902321,6.0,0.8259329882865705,0.9885881969351158,1.1969351157482881,False,False,False,False,False
deeplabv3plus,benign (14).png,0.8132175861103332,0.6852288815479,17.0073465914816,0.6878256750355282,0.9945205479452055,1.4458904109589041,False,False,False,False,False
deeplabv3plus,malignant (62).png,0.8993424207137475,0.8170955596353113,30.93614012182016,0.8410011689913046,0.9663814518354954,1.1490845523967246,False,False,False,False,True
deeplabv3plus,benign (435).png,0.8907989291249824,0.803099593495935,8.0,0.9735140129350169,0.821038961038961,0.8433766233766233,False,False,False,False,False
deeplabv3plus,benign (191).png,0.8821486455197962,0.7891466445733223,7.071067811865476,0.8382838283828383,0.9308575616906914,1.1104324456388956,False,False,False,False,False
deeplabv3plus,malignant (145).png,0.8726525017135024,0.7740758754863813,11.00901699437494,1.0,0.7740758754863813,0.7740758754863813,False,False,False,False,False
deeplabv3plus,benign (335).png,0.2929193037974683,0.1715907774301935,64.8459713474939,0.9932930918846412,0.1717898155666396,0.17294977380814291,False,False,True,False,False
deeplabv3plus,benign (259).png,0.9547181435465654,0.91335952848723,4.47213595499958,0.9138083538083538,0.999462538965925,1.093733204342685,False,False,False,False,False
deeplabv3plus,benign (45).png,0.8459474115994827,0.7330232782302761,327.5844036715912,0.7447423185212388,0.9789842945417095,1.3145275489186405,False,False,False,False,True
deeplabv3plus,benign (344).png,0.0,0.0,180.0307545386334,0.0,0.0,0.13752761187924406,False,True,False,False,False
deeplabv3plus,benign (199).png,0.1381798845335764,0.0742176343384063,217.42353400500213,0.9459178367134685,0.07453390698627331,0.07879532882606023,False,True,False,False,False
deeplabv3plus,benign (240).png,0.8377437756131716,0.7207909564477835,60.60133623143328,0.9984292165717652,0.7216092524922837,0.7227445276191152,False,False,False,False,True
deeplabv3plus,malignant (140).png,0.669924658928935,0.5036742192284139,198.7173739552432,0.6207006646736133,0.7276284450493365,1.172269479414767,False,False,False,False,False
deeplabv3plus,benign (385).png,0.9321006365565324,0.8728356514334374,174.66850613684247,0.9156327543424317,0.9491717254861611,1.0366292828480297,False,False,False,False,True
deeplabv3plus,benign (125).png,0.9531939947012068,0.9105736782902136,6.0,0.9188422247446084,0.9902140672782874,1.0776758409785934,False,False,False,False,False
deeplabv3plus,benign (72).png,0.9161246304298384,0.8452306013680809,302.20850944160696,0.8649774532961134,0.9737007493352671,1.1256949480299734,False,False,False,False,True
deeplabv3plus,malignant (56).png,0.888695584028839,0.7996869005979916,56.64323066007107,0.9936561344478909,0.8037906495421168,0.8089223441354086,False,False,False,False,True
deeplabv3plus,benign (196).png,0.1984778776282409,0.1101723232612535,92.231752392961,0.2887887887887888,0.15119554536521454,0.5235506059613495,False,False,False,False,False
deeplabv3plus,malignant (120).png,0.9242616105958452,0.8591880885721558,29.133290532544198,0.9530408187272086,0.8971695605953225,0.9413757973068746,False,False,False,False,True
deeplabv3plus,benign (346).png,0.9658729522435128,0.9339983460822824,8.0,0.9862198815728436,0.9463486161661124,0.9595716268230735,False,False,False,False,False
deeplabv3plus,benign (139).png,0.9432808155699722,0.8926504122083845,6.399195791578038,0.9082634303051936,0.9811066126855601,1.0802005012531328,False,False,False,False,False
deeplabv3plus,malignant (59).png,0.0027534140113245,0.0013786049407422,297.15919120488275,0.5102880658436214,0.0013804312734478498,0.0027051999955469957,False,True,False,False,False
deeplabv3plus,malignant (8).png,0.9228452475861458,0.8567434210526316,10.295630140987,0.9069382780534517,0.9393201695068073,1.035704625371923,False,False,False,False,False
deeplabv3plus,benign (319).png,0.9510796389567646,0.9067224493676904,5.830951894845301,0.9382133018496654,0.9643037718677319,1.0278086763070078,False,False,False,False,False
deeplabv3plus,benign (303).png,0.9405731204398858,0.8878131550054895,5.656854249492381,0.932683233721296,0.9485976325050656,1.017063026554335,False,False,False,False,False
deeplabv3plus,benign (434).png,0.976087948723037,0.9532927632853988,7.211102550927978,0.9694317980251878,0.982836134034008,1.0138270026175396,False,False,False,False,False
deeplabv3plus,benign (28).png,0.9008086805200124,0.8195194635872602,13.90682170454353,0.8602150537634409,0.9454232917920069,1.099054576708208,False,False,False,False,False
deeplabv3plus,benign (294).png,0.0,0.0,275.7263706006646,0.0,0.0,0.05164016616530583,False,True,False,False,False
deeplabv3plus,benign (122).png,0.251166216547999,0.1436192615471009,83.54459869424416,0.9682915286322764,0.1442979053529868,0.14902320332886662,False,False,True,False,False
deeplabv3plus,benign (129).png,0.9163899788711138,0.8456824512534818,6.324555320336759,0.8979591836734694,0.9355932203389831,1.0419106317411402,False,False,False,False,False
deeplabv3plus,malignant (181).png,0.0059084521846889,0.002962979403409,372.24277521210223,0.0033662817086086037,0.02413450239537196,7.169483865136039,False,True,False,False,False
deeplabv3plus,benign (171).png,0.8530771967271433,0.7437965260545906,5.0,0.8314840499306518,0.8758217677136596,1.0533235938641343,False,False,False,False,False
deeplabv3plus,malignant (89).png,0.8548993869524067,0.7465714167047389,50.80354318352215,0.8651822758733551,0.8448580560255687,0.9765087422447829,False,False,False,False,True
deeplabv3plus,benign (395).png,0.9742029400534556,0.94970338490171,8.06225774829855,0.9760197006646584,0.9723929303034634,0.9962841217664713,False,False,False,False,False
deeplabv3plus,malignant (44).png,0.7502091350175674,0.6002677376171353,191.781225766794,0.6865086655643334,0.8269401003245795,1.2045588669223959,False,False,False,False,True
deeplabv3plus,benign (264).png,0.9335708982925018,0.875417687680998,16.0,0.9022500286993457,0.9671445271642158,1.0719251830431304,False,False,False,False,False
deeplabv3plus,benign (33).png,0.965553235908142,0.9334006054490414,4.47213595499958,0.9758027296103382,0.9555168183872426,0.9792110530053586,False,False,False,False,False
deeplabv3plus,benign (44).png,0.9349112426035504,0.8777777777777778,6.0,0.8856763534444608,0.9899422918384172,1.117724649629019,False,False,False,False,False
deeplabv3plus,malignant (138).png,0.3278327241453451,0.1960525892828442,93.86425005897814,1.0,0.1960525892828442,0.1960525892828442,False,False,True,False,False
deeplabv3plus,benign (180).png,0.9323774970494384,0.8733213232885686,8.06225774829855,0.9406420885517728,0.924256868012826,0.9825808128953982,False,False,False,False,False
deeplabv3plus,malignant (54).png,0.9211522178638696,0.8538296441041741,19.988728826775684,0.8756529452347318,0.9716389617964422,1.1096165062700496,False,False,False,False,False
deeplabv3plus,malignant (203).png,0.7259885370230996,0.5698445878396801,97.1215728836678,0.9496546710287168,0.5875958240398853,0.618746837103818,False,False,True,False,True
deeplabv3plus,benign (239).png,0.9131626340928668,0.8402017291066283,8.48528137423857,0.8910452322738386,0.9364059739842621,1.0509073390075478,False,False,False,False,False
deeplabv3plus,benign (23).png,0.9301706200582603,0.869456978372491,13.601470508735444,0.9797779076563413,0.8853445999471877,0.9036176392923159,False,False,False,False,False
deeplabv3plus,benign (398).png,0.9109602837500548,0.8364803139475039,28.284271247461906,0.9095662819167541,0.9123585650381546,1.0030699061485835,False,False,False,False,True
deeplabv3plus,benign (277).png,0.9616499062553264,0.9261326329612608,7.848199740725311,0.9503344723037682,0.973238048299655,1.0241005421389848,False,False,False,False,False
deeplabv3plus,benign (235).png,0.0,0.0,208.28176114515725,0.0,0.0,0.1246208988144472,False,True,False,False,False
deeplabv3plus,benign (334).png,0.9121465409923528,0.8384829164623181,13.281012213382112,0.9857774360945608,0.8487506205527056,0.8609961939434055,False,False,False,False,False
deeplabv3plus,benign (217).png,0.956523757572944,0.9166703741602528,7.615773105863909,0.923821907366722,0.9916257580132832,1.073394936952546,False,False,False,False,False
deeplabv3plus,malignant (52).png,0.8067824902809199,0.6761403379597246,59.36833765215585,0.9651077246452969,0.6930827578399185,0.7181403071814031,False,False,False,False,True
deeplabv3plus,benign (365).png,0.9216628619488164,0.8547075208913649,7.615773105863909,0.8726962457337883,0.9764511201629328,1.1188900203665988,False,False,False,False,False
deeplabv3plus,benign (409).png,0.9193871642987574,0.8508016321147426,30.12783810361401,0.9782137399154138,0.8672345162950438,0.8865491056893492,False,False,False,False,True
deeplabv3plus,benign (273).png,0.9652443892486472,0.9328235374802826,6.708203932499369,0.9444174420219414,0.9870106309640434,1.045099960088531,False,False,False,False,False
deeplabv3plus,benign (153).png,0.6323407284375371,0.46235253296322,86.22346384466249,0.47360938333037145,0.951106352605282,2.0082084225553176,False,False,False,True,False
deeplabv3plus,benign (400).png,0.941171124862619,0.888879352426523,28.0,0.8966181483685948,0.9903832935874678,1.1045764525171384,False,False,False,False,True
deeplabv3plus,malignant (33).png,0.8596931515355359,0.7539138721241548,63.546831194239005,0.9023462958939822,0.8208903601956619,0.9097287415386136,False,False,False,False,True
deeplabv3plus,benign (369).png,0.9284461592423712,0.8664484451718494,5.0990195135927845,0.8735973597359736,0.9906437125748503,1.1339820359281436,False,False,False,False,False
deeplabv3plus,malignant (24).png,0.8554989390865303,0.7474863661583014,54.405882034941776,0.7512274068734784,0.9933818901177952,1.3223451128495638,False,False,False,False,True
deeplabv3plus,benign (160).png,0.8809178425425294,0.7871788828658968,236.17234701531376,0.8447142134547294,0.9203637365665472,1.0895563516120144,False,False,False,False,True
deeplabv3plus,benign (35).png,0.9455984174085064,0.8968105065666041,4.0,0.9506131919124958,0.9406362741882585,0.9895047556575927,False,False,False,False,False
deeplabv3plus,benign (187).png,0.8438351348976184,0.7298570994223168,14.560219778561036,0.9993755203996669,0.730190114068441,0.7306463878326996,False,False,False,False,False
deeplabv3plus,malignant (172).png,0.5040587871712108,0.336950932863229,169.08205340341925,0.33891136107570974,0.9831225889412774,2.900825117873982,False,False,False,True,False
deeplabv3plus,benign (284).png,0.9504208525658432,0.9055256622516556,8.54400374531753,0.9942058623040219,0.9103297617809216,0.9156350774992198,False,False,False,False,False
deeplabv3plus,benign (37).png,0.9288596794650064,0.8671689989235737,6.0,0.9647904191616766,0.8955091151622944,0.9281903068030236,False,False,False,False,False
deeplabv3plus,benign (241).png,0.9230313293818798,0.8570642346096391,11.0,0.9390937284631289,0.9075091575091575,0.9663669663669664,False,False,False,False,False
deeplabv3plus,benign (324).png,0.9250145320674288,0.8604902667627974,8.48528137423857,0.9730941704035875,0.8814623338257016,0.9058345642540621,False,False,False,False,False
deeplabv3plus,benign (7).png,0.9296328671328672,0.8685177623519804,4.09848450049413,0.8967116357504216,0.9650635208711433,1.0762250453720508,False,False,False,False,False
deeplabv3plus,malignant (36).png,0.8467537798453855,0.7342350358901346,28.16114317698511,0.884134581041503,0.8124056448966196,0.9188710206760748,False,False,False,False,True
deeplabv3plus,benign (169).png,0.7961414790996785,0.6613247863247863,9.0,0.7222870478413069,0.8868194842406877,1.2277936962750717,False,False,False,False,False
deeplabv3plus,malignant (64).png,0.3933807768155706,0.2448500373572419,192.04740705514763,0.2707663253563103,0.7189532241635979,2.6552534670532006,False,False,False,False,False
deeplabv3plus,benign (215).png,0.944890715486643,0.8955382436260623,5.054460732476027,0.9933228593872742,0.9009618810117563,0.9070181688635554,False,False,False,False,False
deeplabv3plus,malignant (7).png,0.8291943127962085,0.7082253886010362,20.0,0.8022743947175348,0.8579835229501765,1.0694389956845822,False,False,False,False,True
deeplabv3plus,benign (157).png,0.9384601482016988,0.8840555035328169,6.4031242374328485,0.9340708760568448,0.9428908661703287,1.0094425276920282,False,False,False,False,False
deeplabv3plus,benign (336).png,0.8424995540757476,0.7278611054037395,40.024992192379,0.9164403052645195,0.7795994718309859,0.8506822183098591,False,False,False,False,True
deeplabv3plus,benign (428).png,0.9114540593482808,0.8373133602451243,14.0,0.8533333333333334,0.9780706737870697,1.1461765708442222,False,False,False,False,False
deeplabv3plus,benign (417).png,0.9523744260947028,0.9090790162218734,4.47213595499958,0.9195447929072383,0.9876350198976691,1.0740477544059124,False,False,False,False,False
deeplabv3plus,benign (436).png,0.9503184157724854,0.9053397049657178,8.54400374531753,0.9477141241463308,0.9529370598784062,1.0055110877837554,False,False,False,False,False
deeplabv3plus,malignant (93).png,0.9647765393355696,0.9319500339727173,7.615773105863909,0.9789990940785681,0.9509613076984613,0.9713607637129676,False,False,False,False,False
deeplabv3plus,benign (141).png,0.8028903462953892,0.6706907289660067,124.29561433804784,0.98833585896314,0.676041841553948,0.6840203514048163,False,False,False,False,True
deeplabv3plus,benign (420).png,0.8234619634331937,0.6999025427482944,55.53594828001311,0.9785942571166663,0.7107844019362617,0.7263320796818484,False,False,False,False,True
deeplabv3plus,benign (243).png,0.1739731532834981,0.0952741486776772,210.9999863119508,0.15716401870516133,0.19480846774193547,1.2395233294930876,False,False,False,False,False
deeplabv3plus,benign (265).png,0.8753554067687792,0.7783395857119556,18.426859540000784,0.9818930041152263,0.789674002978653,0.8042363064702962,False,False,False,False,False
deeplabv3plus,malignant (55).png,0.9088573329356976,0.8329408796568833,18.0,0.8675981079187106,0.9542367166048461,1.0998603015559516,False,False,False,False,False
deeplabv3plus,benign (64).png,0.7966911598972186,0.6620836923538006,111.03489194750117,0.9514196194967538,0.6852496646064845,0.7202391569021271,False,False,False,False,True
deeplabv3plus,malignant (45).png,0.0116912245922367,0.0058799844052587,331.68448704180054,0.011947741617100854,0.011445490849827695,0.9579627026287306,False,True,False,False,False
deeplabv3plus,malignant (128).png,0.9453246753246752,0.896318187415343,24.04163056034261,0.9276409812935232,0.963695683011017,1.0388670859142277,False,False,False,False,True
deeplabv3plus,benign (387).png,0.8372407879594738,0.7200465748107898,102.45974505549258,0.7395065173197274,0.9647425897035882,1.304576183047322,False,False,False,False,True
deeplabv3plus,benign (99).png,0.964910698177882,0.9322004357298476,5.726493307633545,0.9675289435600579,0.9623065851025548,0.9946023749550198,False,False,False,False,False
deeplabv3plus,malignant (28).png,0.926206574959198,0.8625556399956573,12.045211367307068,0.9510414172851329,0.9026357645989548,0.9491024767098387,False,False,False,False,False
deeplabv3plus,benign (24).png,0.905963098315358,0.8280919015805769,7.280109889280518,0.8832116788321168,0.9299176578225069,1.0528819762122599,False,False,False,False,False
deeplabv3plus,benign (30).png,0.9499141007004096,0.9046060911150264,3.0,0.910795742524075,0.9925434962717481,1.0897542115437724,False,False,False,False,False
deeplabv3plus,benign (411).png,0.9193538995446552,0.8507446602151001,94.3609642136944,0.8681652223639643,0.9769571566467836,1.1253124767962774,False,False,False,False,True
deeplabv3plus,benign (402).png,0.7280854775403401,0.5724327104405966,90.75472097685324,0.6478044363965595,0.8310793993196715,1.2829171160706878,False,False,False,False,True
deeplabv3plus,benign (364).png,0.9471650442149068,0.8996329757199323,5.0,0.9408030705639209,0.9536136465659135,1.013616639233877,False,False,False,False,False
deeplabv3plus,malignant (210).png,0.869391901698031,0.7689595563694868,45.99401394939087,0.8469630132337971,0.8930410065793397,1.0544037846111034,False,False,False,False,True
deeplabv3plus,benign (144).png,0.9133627019089574,0.8405405405405405,4.0,0.8474114441416893,0.9904458598726115,1.1687898089171975,False,False,False,False,False
deeplabv3plus,malignant (157).png,0.0816179126038281,0.0425451807228915,319.904723815044,0.05353230295493575,0.17169990503323837,3.2074074074074073,False,False,False,False,False
deeplabv3plus,benign (213).png,0.918235205541334,0.8488307349665924,13.367824394431675,0.9764090520922288,0.8666035054476552,0.8875414495499763,False,False,False,False,False
deeplabv3plus,benign (290).png,0.9676740587931923,0.9373726070101116,5.0990195135927845,0.9558236205069688,0.9798220328361951,1.025107574048544,False,False,False,False,False
deeplabv3plus,malignant (188).png,0.8607337983458224,0.755515960269922,40.640974704874615,0.845004134071106,0.8770601826383541,1.0379359665529762,False,False,False,False,True
deeplabv3plus,benign (253).png,0.9064234131508933,0.8288613930209926,7.211102550927978,0.9134364945610541,0.8995171997585999,0.9847616173808087,False,False,False,False,False
deeplabv3plus,malignant (152).png,0.2020111198781584,0.1123539317242435,258.1391097289161,0.859138442328703,0.1144624662091911,0.1332293616136411,False,False,True,False,False
deeplabv3plus,malignant (190).png,0.90600468538079,0.8281613945450447,28.033897325141577,0.843337541604499,0.9787328508635617,1.1605469964036763,False,False,False,False,True
deeplabv3plus,benign (285).png,0.94432758378909,0.8945270988310308,8.06225774829855,0.9604632587859425,0.9287251061951785,0.9669553704418823,False,False,False,False,False
deeplabv3plus,benign (108).png,0.5240998838559814,0.3551052528034625,281.3947287556441,0.5271997079225995,0.5210362993432922,0.9883091578263693,False,False,False,False,False
deeplabv3plus,benign (173).png,0.9389535882373148,0.88493168425824,18.22563840133944,0.9112286628733998,0.9684185661981811,1.0627613086098973,False,False,False,False,False
deeplabv3plus,benign (432).png,0.9654730163015964,0.93325068511027,5.0,0.9396885881348137,0.9927123820099945,1.0564269850083288,False,False,False,False,False
deeplabv3plus,malignant (150).png,0.911048568512224,0.8366292032579515,43.20415061405564,0.92279972697342,0.8995929310918449,0.9748517525490733,False,False,False,False,True
deeplabv3plus,benign (238).png,0.9227075746169966,0.8565061378659112,16.192492273812363,0.8752846720963446,0.9755635863018414,1.1145672001376699,False,False,False,False,False
deeplabv3plus,malignant (202).png,0.8911407474595728,0.8036554192229038,34.0,0.927540935241186,0.8574896356098626,0.9244763255509492,False,False,False,False,True
deeplabv3plus,malignant (46).png,0.8669151315088915,0.765092850161642,39.41694947053091,0.9154821878373516,0.8232415159972495,0.8992436193018647,False,False,False,False,True
deeplabv3plus,benign (67).png,0.900370309219992,0.8187941056605392,35.0,0.9412881589978793,0.8628616636528029,0.9166817359855335,False,False,False,False,True
deeplabv3plus,benign (156).png,0.9429601357082272,0.8920762286860582,8.0,0.9572704768055107,0.9290713464953515,0.970542149796302,False,False,False,False,False
deeplabv3plus,malignant (148).png,0.6897140418267179,0.5263843648208469,264.80509194458426,0.8830601092896175,0.5658263305322129,0.6407563025210085,False,False,True,False,False
deeplabv3plus,benign (220).png,0.9204943737317838,0.8526999316473001,8.06225774829855,0.8706525532162382,0.9763892512392381,1.1214453430733107,False,False,False,False,False
deeplabv3plus,malignant (165).png,0.7865448573527106,0.6481861831635359,93.5845766586977,0.9454408380287279,0.6733739349150052,0.7122327572807302,False,False,False,False,True
deeplabv3plus,benign (76).png,0.9369039229504346,0.881297507512816,6.324555320336759,0.9046452549446562,0.9715482802299522,1.0739549839228295,False,False,False,False,False
deeplabv3plus,malignant (131).png,0.9490099368970768,0.9029675638371292,7.615773105863909,0.941565918249856,0.9565725983330896,1.0159380026319638,False,False,False,False,False
