image_name,dice,iou,hd95
malignant (30).png,0.9005071950931823,0.8190205439038781,27.785787457400406
benign (110).png,0.9539088161870977,0.9118792232912155,134.02272385596524
benign (245).png,0.890289817003765,0.8022723686286887,172.71388305368805
benign (22).png,0.9331504970860474,0.8746786632390745,17.91640786499874
benign (399).png,0.9449006140804879,0.895556026939598,12.36931687685298
malignant (133).png,0.8289742961407784,0.7079044408750538,66.27139455598173
benign (219).png,0.5115647626709574,0.34369299371664075,109.80764265512781
benign (427).png,0.458545069159488,0.29747549538114376,124.98894243182065
benign (381).png,0.9407381605052325,0.8881072888965142,207.35085148449184
benign (55).png,0.9402695294655093,0.8872723353809677,7.810249675906654
malignant (1).png,0.8790896329978045,0.7842639865566365,43.83719850398283
benign (362).png,0.9028932490854672,0.8229766595938163,10.290750585296928
benign (15).png,0.9032258064516129,0.8235294117647058,6.082762530298219
benign (14).png,0.7917044013765622,0.655224104332184,18.04435915711092
malignant (62).png,0.817049193483669,0.6906873802214948,67.44649149883149
benign (435).png,0.8456135106859961,0.7325220093215951,12.0
benign (191).png,0.8995676343421866,0.8174674449932645,10.80275656275508
malignant (145).png,0.8377614471452798,0.7208171206225681,11.072135954999576
benign (335).png,0.20221048241345752,0.11247728415110389,86.39733748572992
benign (259).png,0.9669704472422694,0.9360530341662417,4.104639781775014
benign (45).png,0.8058873602987615,0.6748838706710205,328.846399256638
benign (344).png,0.0,0.0,721.201774817561
benign (199).png,0.10839614780940571,0.05730383118213481,228.27833547303848
benign (240).png,0.838410036793534,0.7217779624052342,180.32290027096235
malignant (140).png,0.5816401889222842,0.41007943427298266,198.39606363884005
benign (385).png,0.9446396252528478,0.8950872591546454,6.0
benign (125).png,0.9414948990214449,0.8894571203776553,5.0
benign (72).png,0.9468525325380863,0.8990692773729037,9.848857801796104
malignant (56).png,0.8997093357670392,0.8177015083502941,51.697253141409675
benign (196).png,0.0,0.0,398.2214540141947
malignant (120).png,0.8910207034988212,0.8034601784812258,51.56127419690502
benign (346).png,0.9634959403260941,0.9295631129792383,7.615773105863909
benign (139).png,0.9495601721879094,0.9039643652561247,5.0
malignant (59).png,0.6337217282006458,0.4638306421766118,97.17226955063857
malignant (8).png,0.9217391304347826,0.8548387096774194,11.808054941967729
benign (319).png,0.9482623053939299,0.9016148325358851,5.656854249492381
benign (303).png,0.949553950722175,0.9039530886664645,5.830951894845301
benign (434).png,0.9624588191197648,0.9276343309122713,10.63014581273465
benign (28).png,0.9376097453906936,0.8825473890811425,13.159708511893706
benign (294).png,0.0,0.0,612.5332644028404
benign (122).png,0.0,0.0,965.4040604845206
benign (129).png,0.933806146572104,0.8758314855875832,5.0990195135927845
malignant (181).png,0.02190255703248966,0.011072536952290778,335.5678765844632
benign (171).png,0.7072710103871577,0.5471146822498174,13.090220576310303
malignant (89).png,0.5727353543682441,0.40128181982307276,110.21114333493212
benign (395).png,0.05656435802667524,0.029105341491648753,159.00476143771604
malignant (44).png,0.6549642837366411,0.48694936187731575,286.6834488121676
benign (264).png,0.9621750896846876,0.927107337780473,4.47213595499958
benign (33).png,0.9759654687551094,0.9530591390982246,4.0
benign (44).png,0.9543114017163874,0.9126152884164452,3.605551275463989
malignant (138).png,0.2879887740507866,0.16821663881970933,99.7767288506027
benign (180).png,0.9466485507246377,0.8987015220569267,9.0
malignant (54).png,0.9336750921439129,0.8756009404498719,16.278820596099706
malignant (203).png,0.6654475956774102,0.49862979791729284,102.41581909060729
benign (239).png,0.9410429000081096,0.88865063562567,7.810249675906654
benign (23).png,0.9317251051893408,0.8721772923012289,12.529964086141668
benign (398).png,0.5695063015256325,0.39811870694223633,172.30269483360658
benign (277).png,0.9463463994025104,0.89815704028902,11.0
benign (235).png,0.0,0.0,729.8109344206895
benign (334).png,0.0,0.0,726.9092102869519
benign (217).png,0.9421083512614903,0.8905527823997041,10.12395732415323
malignant (52).png,0.8465886026541765,0.733986680383345,48.04936030622996
benign (365).png,0.9425533253633676,0.891348327978103,5.0990195135927845
benign (409).png,0.7169848912502076,0.5588280966923754,74.675966007588
benign (273).png,0.9754321454964942,0.9520425037824144,5.0
benign (153).png,0.5511975734755779,0.38045047646549235,87.52473470007433
benign (400).png,0.9511101401956067,0.9067778959870758,26.54238373474521
malignant (33).png,0.872181747639781,0.7733353719134622,54.01202365109391
benign (369).png,0.47363129512841606,0.3102994011976048,423.6221672818735
malignant (24).png,0.8865303498975615,0.7961872600802379,44.502192550751246
benign (160).png,0.7935074444715645,0.6576977544001619,235.94978120071707
benign (35).png,0.9446338691345998,0.8950769230769231,5.385164807134504
benign (187).png,0.946042878775803,0.897610405323654,5.0
malignant (172).png,0.5303905708342963,0.3609058027991823,129.19828690194578
benign (284).png,0.9509899912967799,0.9065595022037853,8.0
benign (37).png,0.8489676134577089,0.7375705700236751,240.10263839535284
benign (241).png,0.9308326568975093,0.8706145608567091,13.92838827718412
benign (324).png,0.9013093609536837,0.8203486303806474,8.875882581407856
benign (7).png,0.9002169197396963,0.8185404339250493,5.830951894845301
malignant (36).png,0.29500977126971456,0.17302725041973396,167.25664952053745
benign (169).png,0.007137758743754461,0.0035816618911174787,35.49917489574242
malignant (64).png,0.056084991218725705,0.028851565508457005,252.2632647981993
benign (215).png,0.9008504058755316,0.8195885352558466,6.324555320336759
malignant (7).png,0.8399130224691954,0.7240086637787404,17.46424919657298
benign (157).png,0.9443913972627654,0.8946416264645073,7.0710678118654755
benign (336).png,0.0,0.0,229.51383087002262
benign (428).png,0.8580769512284383,0.7514315015810614,69.50616934444557
benign (417).png,0.9523202267091746,0.908980254260211,3.1622776601683795
benign (436).png,0.9202597182142251,0.8522972919860079,18.418522287722453
malignant (93).png,0.9522296918000466,0.9088153046023574,11.027216610312353
benign (141).png,0.6617600061978869,0.49450024604162446,134.98185010889657
benign (420).png,0.7806954385667697,0.6402792733335649,60.87933771208753
benign (243).png,0.012835439443418998,0.006459172882906056,208.5293482920565
benign (265).png,0.8665090184077526,0.7644604434263275,20.039937764048982
malignant (55).png,0.7863238773828197,0.6478860898138007,261.6351779517675
benign (64).png,0.6654230130583629,0.49860219348099905,134.5272747787202
malignant (45).png,0.47318485011117073,0.309916265990434,297.7935526501539
malignant (128).png,0.8309695521602841,0.7108194262141384,102.88342918079665
benign (387).png,0.8168187744458931,0.6903581267217631,104.00142516039948
benign (99).png,0.9678263616262804,0.937658476873306,5.674264014027677
malignant (28).png,0.9176861860078395,0.847892888498683,31.78049716414141
benign (24).png,0.9181475002301814,0.8486808510638297,6.0
benign (30).png,0.947752808988764,0.9006940736785904,3.0
benign (411).png,0.04662529751785107,0.02386910072020714,161.42010396196224
benign (402).png,0.06370346598202824,0.032899643656252586,139.34485820747057
benign (364).png,0.944901466125553,0.8955575576963061,8.94427190999916
malignant (210).png,0.7846098904637289,0.6455621814818739,90.249650511587
benign (144).png,0.9344576466078958,0.8769784172661871,3.0
malignant (157).png,0.04909154997276252,0.025163430899116324,319.06660641829643
benign (213).png,0.91721044045677,0.8470809792843691,9.899494936611665
benign (290).png,0.957065513912788,0.9176659959758551,7.0710678118654755
malignant (188).png,0.864241709533782,0.7609380594343,57.17373959585947
benign (253).png,0.9071115288220551,0.8300128995270173,11.661903789690601
malignant (152).png,0.1952354874041621,0.10817781823698984,162.03949117361884
malignant (190).png,0.8626115970781856,0.7584142715559961,28.857407085420697
benign (285).png,0.9487078651685393,0.9024207769999466,7.0
benign (108).png,0.5095595225520229,0.3418851878100638,63.12685640834652
benign (173).png,0.9496828159865416,0.9041866880227799,38.51921820293049
benign (432).png,0.9776625172890733,0.9563011567340864,4.0
malignant (150).png,0.879459588962615,0.7848530765154825,47.2227869856944
benign (238).png,0.9203855919438826,0.8525132538765098,13.367824394431668
malignant (202).png,0.885782794315457,0.794982154104556,38.600518131237564
malignant (46).png,0.7658784202055219,0.6205858747993579,41.19465448700515
benign (67).png,0.8900832261665008,0.8019369083794242,115.4454308391455
benign (156).png,0.9366979402566591,0.8809330628803246,9.0
malignant (148).png,0.5615901455767077,0.39042428960685094,271.97426348829407
benign (220).png,0.9086091003102379,0.8325239843657468,9.055385138137417
malignant (165).png,0.7024803824298729,0.5414025136247358,91.84551876764088
benign (76).png,0.9469700645286497,0.899281238481386,6.324555320336759
malignant (131).png,0.6941371050530398,0.5315543520985282,269.74246977441277
